fecha,clave,tienda,nombre,precio,disponible,url
2026-08-12 10:15,pokemon 30th anniversary celebration original partner card s,Reino de Cartas,Pokémon 30th Anniversary Celebration Original Partner Card Set Vol. 1 (Chino),,True,https://reinodecartas.com/tienda-tcg/pokemon-tcg/pokemon-30th-anniversary-celebration-original-partner-card-set-vol-1-chino/
2026-08-12 10:15,Caja 36 · 30 Aniversario · CHINO,Reino de Cartas,Pokémon 30th Anniversary Celebration Original Partner Card Set Vol. 1 | Display (Chino),,True,https://reinodecartas.com/tienda-tcg/pokemon-tcg/pokemon-30th-anniversary-celebration-original-partner-card-set-vol-1-display-chino/
2026-08-12 10:15,Blister · Heroes Ascendentes · ES,OZ Juegos,Pokémon – Blister Héroes Ascendentes Español – Charmander,"24,95 €",True,https://ozjuegos.com/producto/pokemon-blister-heroes-ascendentes-espanol-charmander/
2026-08-12 10:15,Blister · Heroes Ascendentes · ES,OZ Juegos,Pokémon – Blister Héroes Ascendentes Español – Gastly,"24,95 €",True,https://ozjuegos.com/producto/pokemon-blister-heroes-ascendentes-espanol-gastly/
2026-08-12 10:15,Blister · Heroes Ascendentes · ES,OZ Juegos,Pokémon – Blister Héroes Ascendentes Español – Komala,"17,95 €",True,https://ozjuegos.com/producto/pokemon-blister-heroes-ascendentes-espanol-komala/
2026-08-12 10:15,Blister · Heroes Ascendentes · ES,OZ Juegos,Pokémon – Blister Héroes Ascendentes Español – Tangela,"17,95 €",True,https://ozjuegos.com/producto/pokemon-blister-heroes-ascendentes-espanol-tangela/
2026-08-12 10:15,pokemon 151 first partner gift box squirtle (chino),Reino de Cartas,Pokémon 151 First Partner Gift Box Squirtle (Chino),"229,99 €",True,https://reinodecartas.com/tienda-tcg/pokemon-tcg/pokemon-151-first-partner-gift-box-squirtle-chino/
2026-08-12 10:15,pokemon 151 first partner gift box bulbasaur (chino),Reino de Cartas,Pokémon 151 First Partner Gift Box Bulbasaur (Chino),"229,99 €",True,https://reinodecartas.com/tienda-tcg/pokemon-tcg/pokemon-151-first-partner-gift-box-bulbasaur-chino/
2026-08-12 10:15,Coleccion Ilustracion · First Partner Serie 2 · ES,Reino de Cartas,First Partner Illustration Collection Series 2 (Español),"29,99 €",True,https://reinodecartas.com/tienda-tcg/pokemon-tcg/first-partner-illustration-collection-series-2-espanol/
2026-08-12 10:15,Coleccion Ilustracion · First Partner Serie 3 · ES,Flash Store,First Partner Illustration Collection Series 3,"35,90 €",True,https://flashstore.es/producto/first-partner-illustration-collection-series-3/
2026-08-12 10:15,EX Box · Heroes Ascendentes · EN,The Card Station,ex Box · Mega-Meganium · Mega-Emboar · Mega-Feraligatr · Ascended Heroes (ENG) | Pokémon TCG,"52,95 €",True,https://thecardstation.es/product/caja-ex-%c2%b7-ascended-heroes/
2026-08-12 10:15,Coleccion Ilustracion · First Partner Serie 2 · ES,The Card Station,Colección Ilustración · Primer Compañero · serie 2 | Pokémon TCG,,True,https://thecardstation.es/product/coleccion-ilustracion-%c2%b7-primer-companero-%c2%b7-serie-2-pokemon-tcg/
2026-08-12 10:15,Coleccion Ilustracion · First Partner Serie 3 · ES,CardZone,Caja First Partner Colección Ilustración Primer Compañero Serie 3 - Español,"34,95 €",True,https://cardzone.es/products/caja-first-partner-coleccion-ilustracion-primer-companero-serie-3-espanol
2026-08-12 10:15,Coleccion Ilustracion · First Partner Serie 2 · ES,CardZone,Caja First Partner Colección Ilustración Primer Compañero Serie 2 - Español,"29,95 €",True,https://cardzone.es/products/caja-first-partner-coleccion-ilustracion-primer-companero-serie-2-espanol
2026-08-12 10:15,EX Box · Heroes Ascendentes · ES,CardZone,Caja Mega EX Box Héroes Ascendentes - Español,"35,95 €",False,https://cardzone.es/products/caja-mega-ex-box-heroes-ascendentes-espanol
2026-08-12 10:15,Blister · Heroes Ascendentes · ES,CardZone,Blister Pokemon Héroes Ascendentes - Español,"19,95 €",False,https://cardzone.es/products/blister-heroes-ascendentes-espanol
2026-08-12 10:15,ETB · Equilibrio Perfecto · ES,CardZone,ETB Caja de Entrenador Elite Equilibrio Perfecto + Protector Acrílico para ETB,,False,https://cardzone.es/products/etb-caja-de-entrenador-elite-equilibrio-perfecto-protector-acrilico-para-etb
2026-08-12 10:15,Booster Bundle · Heroes Ascendentes · ES,CardZone,Booster Bundle Héroes Ascendentes - Español,"49,95 €",False,https://cardzone.es/products/booster-bundle-heroes-ascendentes-espanol
2026-08-12 10:15,Booster Bundle · Heroes Ascendentes · EN,CardZone,Booster Bundle Ascended Heroes - Ingles,"84,95 €",False,https://cardzone.es/products/booster-bundle-ascended-heroes-ingles
2026-08-12 10:15,Lata · Heroes Ascendentes · ES,CardZone,Blister Pokemon con Pegatina Héroes Ascendentes - Español,"22,95 €",False,https://cardzone.es/products/blister-pokemon-con-pegatina-heroes-ascendentes-espanol
2026-08-12 10:15,ETB · Heroes Ascendentes · ES,CardZone,ETB Caja de Entrenador Elite Héroes Ascendentes + Protector Acrílico para ETB,"79,95 €",False,https://cardzone.es/products/etb-caja-de-entrenador-elite-heroes-ascendentes-protector-acrilico-para-etb
2026-08-12 10:15,Coleccion Ilustracion · First Partner · ES,CardZone,Caja First Partner Colección Ilustración Primer Compañero - Español,"39,95 €",False,https://cardzone.es/products/caja-first-partner-coleccion-ilustracion-primer-companero-espanol
2026-08-12 10:15,Mini Lata · Heroes Ascendentes · ES,CardZone,Mini Lata Héroes Ascendentes - Español,"14,95 €",False,https://cardzone.es/products/mini-lata-heroes-ascendentes-espanol
2026-08-12 10:15,EX Box · Heroes Ascendentes · EN,CardZone,Caja Mega EX Box Ascended Heroes - Ingles,"49,95 €",False,https://cardzone.es/products/caja-mega-ex-box-ascended-heroes-ingles
2026-08-12 10:15,Pin Collection · Heroes Ascendentes · ES,CardZone,Caja con Pin Deluxe Primeros Compañeros Héroes Ascendentes - Español,"34,95 €",False,https://cardzone.es/products/caja-con-pin-deluxe-primeros-companeros-heroes-ascendentes-espanol
2026-08-12 10:15,Tech Sticker · Heroes Ascendentes · EN,CardZone,Tech Sticker Collection Ascended Heroes - Ingles,"29,95 €",False,https://cardzone.es/products/tech-sticker-collection-ascended-heroes-ingles
2026-08-12 10:15,Poster · Heroes Ascendentes · EN,CardZone,Caja Premium Poster Collection Ascended Heroes - Ingles,"109,95 €",False,https://cardzone.es/products/caja-premium-poster-collection-ascended-heroes-ingles
2026-08-12 10:15,ETB · Heroes Ascendentes · ES,CardZone,ETB Caja de Entrenador Elite Heroes Ascendentes - Español,"69,95 €",False,https://cardzone.es/products/etb-caja-de-entrenador-elite-heroes-ascendentes-espanol
2026-08-12 10:15,caja coleccion con poster premium heroes ascendentes - espan,CardZone,Caja Colección con Poster Premium Héroes Ascendentes - Español,"69,95 €",False,https://cardzone.es/products/caja-coleccion-con-poster-premium-heroes-ascendentes-espanol
2026-08-12 10:15,ETB · Heroes Ascendentes · EN,CardZone,ETB Caja de Entrenador Elite Ascended Heroes - Ingles,"89,95 €",False,https://cardzone.es/products/etb-caja-de-entrenador-elite-ascended-heroes-ingles
2026-08-12 10:15,Coleccion Ilustracion · First Partner Serie 3 · ES,TCG Level,First Partner Illustration Collections Series 3 Español,"31,90 €",True,https://tcglevel.com/products/first-partner-illustration-collections-series-3-espanol
2026-08-12 10:15,pokemon first partner 30 aniversario vol.2 chino,TCG Level,Pokémon First Partner 30 Aniversario Vol.2 Chino,"15,90 €",True,https://tcglevel.com/products/pokemon-first-partner-30-aniversario-vol-2-chino
2026-08-12 10:15,Coleccion Ilustracion · First Partner Serie 2 · ES,TCG Level,First Partner Illustration Collections Series 2 Español,"29,90 €",True,https://tcglevel.com/products/first-partner-illustration-collections-series-2-espanol
2026-08-12 10:15,Booster Bundle · Heroes Ascendentes · ES,TCG Level,Booster Bundle Pokémon Héroes Ascendentes Español,"44,90 €",False,https://tcglevel.com/products/booster-bundle-pokemon-heroes-ascendentes-espanol
2026-08-12 10:15,pokemon first partner 30 aniversario vol.1 chino,TCG Level,Pokémon First Partner 30 Aniversario Vol.1 Chino,"16,90 €",False,https://tcglevel.com/products/pokemon-first-partner-30-aniversario-vol-1-chino
2026-08-12 10:15,EX Box · Heroes Ascendentes · ES,TCG Level,Mega ex Box Héroes Ascendentes Español,"36,90 €",False,https://tcglevel.com/products/mega-ex-box-heroes-ascendentes-espanol
2026-08-12 10:15,Coleccion Ilustracion · First Partner Serie 3 · ES,Sunny Store,FIRST PARTNER ILLUSTRATION COLLECTION SERIE 3 (ESPAÑOL) - PRIMER COMPAÑERO,"29,90 €",True,https://sunnystore.es/products/first-partner-illustration-collection-serie-3-espanol-primer-companero
2026-08-12 10:15,ETB · Oscuridad Absoluta · ES,Sunny Store,ETB POKEMON OSCURIDAD ABSOLUTA ELITE TRAINER BOX (ESPAÑOL),,True,https://sunnystore.es/products/etb-pokemon-oscuridad-absoluta-elite-trainer-box-espanol
2026-08-12 10:15,figura pvc pokemon pikachu singing 30th anniversary monster ,Sunny Store,FIGURA PVC POKEMON PIKACHU SINGING 30TH ANNIVERSARY MONSTER COLLECTION - TAKARA TOMY,"14,99 €",True,https://sunnystore.es/products/figura-pvc-pokemon-pikachu-singing-30th-anniversary-monster-collection-takara-tomy
2026-08-12 10:15,Coleccion Ilustracion · First Partner Serie 2 · ES,Sunny Store,FIRST PARTNER ILLUSTRATION COLLECTION SERIE 2 (ESPAÑOL) - PRIMER COMPAÑERO,"29,90 €",False,https://sunnystore.es/products/first-partner-illustration-collection-serie-2-espanol-primer-companero
2026-08-12 10:15,Booster Bundle · Heroes Ascendentes · EN,Sunny Store,BOOSTER BUNDLE POKEMON MEGA ASCENDED HEROES (INGLÉS),"79,90 €",False,https://sunnystore.es/products/booster-bundle-pokemon-mega-ascended-heroes-ingles
2026-08-12 10:15,EX Box · Heroes Ascendentes · EN,Sunny Store,POKEMON TCG MEGA ASCENDED HEROES EX BOX (INGLÉS),"49,90 €",False,https://sunnystore.es/products/pokemon-tcg-mega-ascended-heroes-ex-box-ingles
2026-08-12 10:15,EX Box · Heroes Ascendentes · ES,Sunny Store,POKEMON TCG MEGA HEROES ASCENDENTES EX BOX (ESPAÑOL),"38,90 €",False,https://sunnystore.es/products/pokemon-tcg-mega-heroes-ascendentes-ex-box-espanol
2026-08-12 10:15,Booster Bundle · Heroes Ascendentes · ES,Sunny Store,BOOSTER BUNDLE POKEMON MEGA HEROES ASCENDENTES (ESPAÑOL),"44,90 €",False,https://sunnystore.es/products/booster-bundle-pokemon-mega-heroes-ascendentes-espanol
2026-08-12 10:15,pokemon 30 anniv. celebrations first partner card set (s-chi,Sunny Store,POKEMON 30 ANNIV. CELEBRATIONS FIRST PARTNER CARD SET (S-CHINO),"16,90 €",True,https://sunnystore.es/products/pokemon-30-aniv-celebrations-first-partner-card-set-s-chino
2026-08-12 10:15,Pin Collection · Heroes Ascendentes · ES,Sunny Store,PIN COLLECTION SERIE 1 HEROES ASCENDENTES POKEMON (ESPAÑOL),"36,90 €",False,https://sunnystore.es/products/first-partner-pin-collection-serie-1-espanol
2026-08-12 10:15,Coleccion Ilustracion · First Partner Serie 1 · ES,Sunny Store,FIRST PARTNER ILLUSTRATION COLLECTION SERIE 1 (ESPAÑOL),"34,90 €",False,https://sunnystore.es/products/first-partner-illustration-collection-serie-1-espanol
2026-08-12 10:15,Mini Lata · Heroes Ascendentes · ES,Sunny Store,POKEMON TCG MINI LATA HEROES ASCENDENTES MINI TINS (ESPAÑOL),"14,90 €",False,https://sunnystore.es/products/pokemon-tcg-mini-lata-heroes-ascendentes-mini-tins-espanol
2026-08-12 10:15,ETB · Heroes Ascendentes · EN,Sunny Store,ETB POKEMON ASCENDED HEROES ELITE TRAINER BOX (INGLÉS) - HÉROES ASCENDENTES,"99,90 €",False,https://sunnystore.es/products/etb-pokemon-ascended-heroes-elite-trainer-box-ingles-heroes-ascendentes
2026-08-12 10:15,ETB · Heroes Ascendentes · ES,Sunny Store,ETB POKEMON HÉROES ASCENDENTES ELITE TRAINER BOX (ESPAÑOL),"74,90 €",False,https://sunnystore.es/products/etb-pokemon-heroes-ascendentes-elite-trainer-box-espanol
2026-08-12 10:15,Blister · Heroes Ascendentes · EN,Sunny Store,BLISTER 3 SOBRES TECH STICKER POKEMON ASCENDED HEROES (INGLÉS),"29,90 €",False,https://sunnystore.es/products/blister-3-sobres-tech-sticker-pokemon-ascended-heroes-ingles
2026-08-12 10:15,Blister · Heroes Ascendentes · ES,Sunny Store,BLISTER 3 SOBRES TECH STICKER POKEMON HEROES ASCENDENTES (ESPAÑOL),"23,90 €",False,https://sunnystore.es/products/blister-3-sobres-tech-sticker-pokemon-heroes-ascendentes-espanol
2026-08-12 10:15,Blister · Heroes Ascendentes · ES,Sunny Store,BLISTER 2 SOBRES POKEMON HEROES ASCENDENTES (ESPAÑOL),"14,90 €",False,https://sunnystore.es/products/blister-2-sobres-pokemon-heroes-ascendentes-espanol
2026-08-12 10:15,caja pokemon day 2026 special collection 30 aniversario (esp,Sunny Store,CAJA POKEMON DAY 2026 SPECIAL COLLECTION 30 ANIVERSARIO (ESPAÑOL),"23,90 €",False,https://sunnystore.es/products/caja-pokemon-day-2026-special-collection-30-aniversario-espanol
2026-08-12 10:15,Caja 36 · First Partner · CHINO,Sunny Store,POKEMON 151 FIRST PARTNER DISPLAY BOX (S-CHINO),"26,90 €",True,https://sunnystore.es/products/pre-order-pokemon-151-first-partner-display-box-s-chino
2026-08-12 10:15,primer companero pokemon series 3 espanol,Factory Cards TCG,PRIMER COMPAÑERO Pokémon series 3 ESPAÑOL,,True,https://factorycardstcg.com/products/primer-companero-pokemon-series-3-espanol-copia
2026-08-12 10:15,primer companero pokemon series 2 espanol,Factory Cards TCG,PRIMER COMPAÑERO Pokémon series 2 ESPAÑOL,,True,https://factorycardstcg.com/products/primer-companero-pokemon-series-2-espanol
2026-08-12 10:15,Booster Bundle · Heroes Ascendentes · ES,Factory Cards TCG,POKEMON Bundle Héroes Ascendentes ESPAÑOL,"44,95 €",False,https://factorycardstcg.com/products/pokemon-bundle-heroes-ascendentes-espanol
2026-08-12 10:15,Pin Collection · Heroes Ascendentes · ES,Factory Cards TCG,POKEMON CAJA PIN DELUXE HEROES ASCENDENTES - ESPAÑOL,"40,00 €",False,https://factorycardstcg.com/products/pokemon-caja-pin-deluxe-heroes-ascendentes
2026-08-12 10:15,Mini Lata · Heroes Ascendentes · ES,Factory Cards TCG,Heroes Ascendentes Mini tin,"15,00 €",False,https://factorycardstcg.com/products/reserva-heroes-ascendentes-mini-tin-espanol
2026-08-12 10:15,ETB · Heroes Ascendentes · ES,Factory Cards TCG,Heroes Ascendentes Elite Trainer Box - ETB,"100,00 €",True,https://factorycardstcg.com/products/reserva-heroes-ascendentes-elite-trainer-box-etb-espanol
2026-08-12 10:15,january special collection 30 aniversario pokemon day ingles,Factory Cards TCG,January Special Collection 30 Aniversario POKEMON DAY INGLES,"30,00 €",False,https://factorycardstcg.com/products/reserva-january-special-collection-30-aniversario-espanol
2026-08-12 10:15,Pin Collection · Heroes Ascendentes · ES,Alfriki,Pokemon TCG - Caja Colección Héroes Ascendentes - Colección Pin Deluxe - Castellano,"34,99 €",False,https://alfriki.com/products/pokemon-tcg-caja-coleccion-mimikyu-ex-castellano-copia-2
2026-08-12 10:15,Lata · Heroes Ascendentes · ES,Alfriki,Pokemon TCG - Colección con Pegatinas Especiales Héroes Ascendentes - con Promo Gastly - Castellano (Copia),"23,99 €",True,https://alfriki.com/products/pokemon-tcg-coleccion-con-pegatinas-especiales-heroes-ascendentes-con-promo-charmander-castellano-copia
2026-08-12 10:15,Lata · Heroes Ascendentes · ES,Alfriki,Pokemon TCG - Colección con Pegatinas Especiales Héroes Ascendentes - con Promo Charmander - Castellano,"23,99 €",False,https://alfriki.com/products/pokemon-tcg-caja-coleccion-mimikyu-ex-castellano-copia-1
2026-08-12 10:15,Mini Lata · Heroes Ascendentes · ES,Alfriki,Pokémon TCG - Mini Lata Héroes Ascendentes - Castellano - Unidad aleatoria,"14,99 €",False,https://alfriki.com/products/lata-pokemon-tcg-mega-charizard-x-castellano-copia
2026-08-12 10:15,Blister · Heroes Ascendentes · ES,Alfriki,Blister cartas Pokémon Megaevolución Heroes Ascendentes - Castellano (Promo Komala),"15,99 €",True,https://alfriki.com/products/blister-cartas-pokemon-megaevolucion-heroes-ascendentes-castellano-promo-tangela-copia
2026-08-12 10:15,Blister · Heroes Ascendentes · ES,Alfriki,Blister cartas Pokémon Megaevolución Heroes Ascendentes - Castellano (Promo Tangela),"15,99 €",True,https://alfriki.com/products/blister-cartas-special-collection-fuegos-fantasmales-pokemon-espanol-dia-de-pokemon-2026-copia
2026-08-12 10:15,Booster Bundle · First Partner · ES,Alfriki,Pokémon Bundle First Partner,"29,99 €",True,https://alfriki.com/products/archivador-9-bolsillos-portfolio-pokemon-escarlata-y-purpura-8-5-prismatic-evolutions-ultra-pro-copia-3
2026-08-12 10:15,Coleccion Ilustracion · First Partner Serie 3 · ES,Toy Planet,Pokémon TCG Colección Ilustración Primer Compañero Serie 3 +6 años,,True,https://www.toyplanet.com/products/pokemon-tcg-coleccion-ilustracion-primer-companero-serie-3-6-anos
2026-08-12 10:15,Coleccion Ilustracion · First Partner Serie 2 · ES,Toy Planet,Pokémon TCG Colección Ilustración Primer Compañero Serie 2 +6 años,,False,https://www.toyplanet.com/products/pokemon-tcg-coleccion-ilustracion-primer-companero-serie-2-6-anos
2026-08-12 10:15,Mini Lata · Heroes Ascendentes · ES,Toy Planet,Pokémon  Mini lata Héroes Ascendentes (ES) surtidas,"17,99 €",True,https://www.toyplanet.com/products/pokemon-mini-lata-heroes-ascendentes-es-surtidas
2026-08-12 10:15,ETB · Heroes Ascendentes · ES,Toy Planet,Pokémon Elite Trainer Box Ascended Heroes (Español),"79,99 €",False,https://www.toyplanet.com/products/pokemon-elite-trainer-box-ascended-heroes
2026-08-12 10:15,Blister · Heroes Ascendentes · ES,Toy Planet,Pokémon TCG Héroes Ascendentes Blíster Surtido,"29,99 €",True,https://www.toyplanet.com/products/pokemon-tcg-heroes-ascendentes-blister-surtido
2026-08-12 10:15,Sobre · 30 Aniversario · ES,Toy Planet,Colección Especial Pokémon Día de Pokémon 2026 (30 Aniversario) – Pikachu + 3 Sobres + Moneda,"29,99 €",False,https://www.toyplanet.com/products/pack-2-sobres-pokemon-jcc-cartas-coleccionables-para-entrenar-y-jugar-1
2026-08-12 10:15,Mini Lata · Heroes Ascendentes · ES,AllinTCG,Mini Tin - Héroes Ascendentes [ESP],"14,95 €",False,https://allintcg.com/products/mini-tin-heroes-ascendentes-esp
2026-08-12 10:15,Tech Sticker · Heroes Ascendentes · ES,AllinTCG,Tech Sticker Collection - Héroes Ascendentes [ESP],"21,95 €",False,https://allintcg.com/products/tech-sticker-collection-heroes-ascendentes-esp
2026-08-12 10:15,ETB · Heroes Ascendentes · ES,AllinTCG,Elite Trainer Box - Héroes Ascendentes [ESP],"67,95 €",False,https://allintcg.com/products/elite-trainer-box-heroes-ascendentes-esp
2026-08-12 10:15,collection box - first partner ii [esp],AllinTCG,Collection box - First Partner II [ESP],"29,95 €",False,https://allintcg.com/products/collection-box-first-partner-ii-esp
2026-08-12 10:15,EX Box · Heroes Ascendentes · ES,AllinTCG,EX Box - Héroes Ascendentes [ESP],"35,95 €",False,https://allintcg.com/products/ex-box-heroes-ascendentes-esp
2026-08-12 10:15,special day collection - 30 aniversario [esp],AllinTCG,Special Day Collection - 30 Aniversario [ESP],"23,95 €",False,https://allintcg.com/products/special-day-collection-esp
2026-08-12 10:15,Poster · Heroes Ascendentes · ES,AllinTCG,Premium Poster Collection - Héroes Ascendentes [ESP],"69,95 €",False,https://allintcg.com/products/premium-poster-collection-heroes-ascendentes-esp
2026-08-12 10:15,Blister · Heroes Ascendentes · ES,AllinTCG,Blister Pack 2 Sobres - Héroes Ascendentes [ESP],"14,95 €",False,https://allintcg.com/products/blister-pack-2-sobres-heroes-ascendentes-esp
2026-08-12 10:15,EX Box · Heroes Ascendentes · ES,AllinTCG,EX Box - Ascended Heroes [ENG],"54,95 €",False,https://allintcg.com/products/ex-box-ascended-heroes-eng
2026-08-12 10:15,collection box - first partner [esp],AllinTCG,Collection box - First Partner [ESP],"42,95 €",False,https://allintcg.com/products/pokemon-tcg-coleccion-de-sobres-first-partner
2026-08-12 10:15,Pin Collection · Heroes Ascendentes · ES,AllinTCG,Deluxe Pin Collection - Héroes Ascendentes [ESP],"36,95 €",False,https://allintcg.com/products/deluxe-pin-collection-heroes-ascendentes-esp-copia-1
2026-08-12 10:15,Tech Sticker · Heroes Ascendentes · ES,AllinTCG,Tech Sticker Collection - Ascended Heroes [ENG],"24,95 €",False,https://allintcg.com/products/tech-sticker-collection-ascended-heroes-eng
2026-08-12 10:15,Pin Collection · Heroes Ascendentes · ES,AllinTCG,Deluxe Pin Collection - Ascended Heroes [ENG],"54,95 €",False,https://allintcg.com/products/deluxe-pin-collection-ascended-heroes-eng
2026-08-12 10:15,Booster Bundle · Heroes Ascendentes · ES,AllinTCG,Booster Bundle - Héroes Ascendentes [ESP],"44,95 €",False,https://allintcg.com/products/booster-bundle-heroes-ascendentes-esp
2026-08-12 10:15,Poster · Heroes Ascendentes · ES,AllinTCG,Premium Poster Collection - Ascended Heroes [ENG],"149,95 €",False,https://allintcg.com/products/premium-poster-collection-ascended-heroes-eng
2026-08-12 10:15,collection box - first partner iii [esp],AllinTCG,Collection box - First Partner III [ESP],"32,95 €",True,https://allintcg.com/products/collection-box-first-partner-iii-esp
2026-08-12 10:15,Coleccion Ilustracion · First Partner Serie 2 · ES,La Boveda Friki,Caja Colección Ilustración - Primer Compañero - Serie 2,,False,https://labovedafriki.es/products/caja-coleccion-ilustracion-primer-companero-serie-2
2026-08-12 10:15,Blister · Heroes Ascendentes · ES,La Boveda Friki,Blíster 2 sobres Héroes ascendentes,"14,99 €",False,https://labovedafriki.es/products/blister-2-sobres-heroes-ascendentes-komala
2026-08-12 10:15,caja coleccion heroes ascendentes mega ex,La Boveda Friki,Caja Colección Héroes Ascendentes Mega Ex,"38,90 €",False,https://labovedafriki.es/products/caja-coleccion-heroes-ascendente-mega-ex
2026-08-12 10:15,Poster · Heroes Ascendentes · ES,La Boveda Friki,Poster Collection Mega Gardevoir Héroes Ascendentes,"69,90 €",False,https://labovedafriki.es/products/caja-coleccion-mega-gardevoir-heroes-ascendentes
2026-08-12 10:15,Coleccion Ilustracion · First Partner Serie 1 · ES,La Boveda Friki,Caja Colección Ilustración - Primer Compañero - Serie 1,,False,https://labovedafriki.es/products/caja-coleccion-ilustracion-primer-companero
2026-08-12 10:15,Mini Lata · Heroes Ascendentes · ES,La Boveda Friki,Mini Lata Héroes Ascendentes,"16,00 €",False,https://labovedafriki.es/products/mini-lata-heroes-ascendentes
2026-08-12 10:15,ETB · Heroes Ascendentes · ES,La Boveda Friki,ETB Héroes Ascendentes,"64,90 €",False,https://labovedafriki.es/products/etb-heroes-ascendentes
2026-08-12 10:15,caja pokemon day - edicion 30 aniversario,La Boveda Friki,Caja Pokemon Day - Edición 30 Aniversario,"26,90 €",False,https://labovedafriki.es/products/caja-coleccion-premium-mega-venusaur-ex-copia
2026-08-12 10:15,Blister · Heroes Ascendentes · ES,La Boveda Friki,Blíster 3 sobres Héroes Ascendentes,"23,49 €",False,https://labovedafriki.es/products/blister-3-sobres-heroes-ascendentes
2026-08-12 10:15,pokemon day 2026 collection (30 aniversario),Pokemillon,Pokémon Day 2026 Collection (30 Aniversario),"32,90 €",False,https://www.pokemillon.com/products/pokemon-day-2026-collection
2026-08-12 10:15,Blister · Heroes Ascendentes · ES,Pokemillon,Blíster 3 Sobres Gastly Héroes Ascendentes | Ascended Heroes,"21,90 €",False,https://www.pokemillon.com/products/blister-3-gastly
2026-08-12 10:15,Blister · Heroes Ascendentes · ES,Pokemillon,Blíster 3 Sobres Charmander Héroes Ascendentes | Ascended Heroes,"22,90 €",False,https://www.pokemillon.com/products/blister-3-sobres-ascended-heroes
2026-08-12 10:15,ETB · Heroes Ascendentes · ES,Pokemillon,ETB Héroes Ascendentes | Élite Ascended Heroes,"99,99 €",False,https://www.pokemillon.com/products/etb-ascended-heroes
2026-08-12 10:15,Blister · Heroes Ascendentes · ES,Pokemillon,Blister 2 Sobres Enhanced Héroes Ascendentes | Ascended Heroes,"15,90 €",False,https://www.pokemillon.com/products/blister-enhanced-ascended-heroes
2026-08-12 10:15,Pin Collection · Heroes Ascendentes · ES,Pokemillon,Deluxe Pin Collection Ascended Heroes | Heroes Ascendentes,"38,90 €",False,https://www.pokemillon.com/products/pin-collection-heroes-ascendentes-ascended-heroes
2026-08-12 10:15,Poster · Heroes Ascendentes · ES,Pokemillon,Premium Poster Collection Mega Gardevoir Héroes Ascendentes | Ascended Heroes,"119,90 €",True,https://www.pokemillon.com/products/premium-poster-collection-mega-gardevoir
2026-08-12 10:15,Poster · Heroes Ascendentes · ES,Pokemillon,Premium Poster Collection Mega Lucario Héroes Ascendentes | Ascended Heroes,"129,90 €",True,https://www.pokemillon.com/products/premium-poster-collection-mega-lucario
2026-08-12 10:15,Coleccion Ilustracion · First Partner Serie 3 · ES,TodoHits,[Reserva] First partner Series 3 Illustration Collection | POKÉMON | Español (Primer Compañero),"40,00 €",False,https://todohits.com/products/first-partner-series-3-illustration-collection-pokemon-espanol-primer-companero
2026-08-12 10:15,Coleccion Ilustracion · First Partner Serie 2 · CHINO,TodoHits,First partner Series 2 Illustration Collection | POKÉMON | Chino,"20,00 €",False,https://todohits.com/products/first-partner-series-2-illustration-collection-pokemon-chino
2026-08-12 10:15,Coleccion Ilustracion · First Partner Serie 2 · ES,TodoHits,First partner Series 2 Illustration Collection | POKÉMON | Español (Primer Compañero),"42,00 €",False,https://todohits.com/products/first-partner-illustration-collection-series-2-pokemon-espanol-primer-companero
2026-08-12 10:15,Booster Bundle · Heroes Ascendentes · ES,TodoHits,[Mini golpe] Booster Bundle Heroes Ascendentes | POKÉMON | Español,"53,00 €",False,https://todohits.com/products/booster-bundle-heroes-ascendentes-pokemon-espanol
2026-08-12 10:15,Booster Bundle · Heroes Ascendentes · EN,TodoHits,Booster Bundle Ascended Heroes | POKÉMON | Inglés,"95,00 €",False,https://todohits.com/products/booster-bundle-heroes-ascendentes-pokemon-ingles
2026-08-12 10:15,Poster · Heroes Ascendentes · EN,TodoHits,Premium Poster Collection Ascended Heroes | POKÉMON | Inglés,"142,00 €",False,https://todohits.com/products/premium-poster-collection-ascended-heroes-pokemon-ingles
2026-08-12 10:15,Pin Collection · Heroes Ascendentes · EN,TodoHits,Deluxe Pin Collection Ascended Heroes | POKÉMON | Inglés,"59,00 €",False,https://todohits.com/products/deluxe-pin-collection-ascended-heroes-pokemon-ingles
2026-08-12 10:15,Coleccion Ilustracion · First Partner Serie 1 · ES,TodoHits,First partner Series 1 Illustration Collection | POKÉMON | Español (Primer Compañero),"45,00 €",False,https://todohits.com/products/reserva-first-partner-illustration-collection-series-1-pokemon-espanol
2026-08-12 10:15,Coleccion Ilustracion · First Partner Serie 1 · CHINO,TodoHits,First partner Series 1 Illustration Collection | POKÉMON | Chino,"19,00 €",False,https://todohits.com/products/first-partner-illustration-collection-series-1-chino-pokemon-espanol-primer-companero
2026-08-12 10:15,Poster · Heroes Ascendentes · ES,TodoHits,Premium Poster Collection Heroes Ascendentes | POKÉMON | Español,"89,00 €",False,https://todohits.com/products/reserva-premium-poster-collection-heroes-ascendentes-pokemon-espanol
2026-08-12 10:15,Pin Collection · Heroes Ascendentes · ES,TodoHits,Deluxe Pin Collection Heroes Ascendentes | POKÉMON | Español,"45,00 €",False,https://todohits.com/products/pin-collection-deluxe-heroes-ascendentes-pokemon-espanol
2026-08-12 10:15,Mini Lata · Heroes Ascendentes · ES,TodoHits,Mini Lata Héroes Ascendentes | POKÉMON | Español,"20,00 €",False,https://todohits.com/products/mini-tin-heroes-ascendentes-pokemon-espanol
2026-08-12 10:15,Blister · Heroes Ascendentes · ES,TodoHits,Blister 2 Sobres Héroes Ascendentes | POKÉMON | Español,"20,00 €",False,https://todohits.com/products/blister-2-sobres-heroes-ascendentes-pokemon-espanol
2026-08-12 10:15,Sobre · Heroes Ascendentes · EN,TodoHits,Tech Sticker 3 Sobres Ascended heroes | POKÉMON | Inglés,"33,00 €",False,https://todohits.com/products/tech-sticker-3-sobres-ascended-heroes-pokemon-ingles
2026-08-12 10:15,Blister · Heroes Ascendentes · ES,TodoHits,Blister 3 Sobres Héroes Ascendentes | POKÉMON | Español,"28,00 €",False,https://todohits.com/products/blister-3-sobres-heroes-ascendentes-pokemon-espanol
2026-08-12 10:15,ETB · Heroes Ascendentes · ES,TodoHits,ETB Heroes Ascendentes | Elite Trainer Box | POKÉMON | Español,"83,00 €",False,https://todohits.com/products/etb-heroes-ascendentes-elite-trainer-box-pokemon-espanol
2026-08-12 10:15,ETB · Heroes Ascendentes · EN,TodoHits,ETB Ascended Heroes | Elite Trainer Box | POKÉMON | Inglés,"101,00 €",False,https://todohits.com/products/etb-ascended-heroes-elite-trainer-box-pokemon-ingles
2026-08-12 10:15,30 aniversario pokemon day 2026 | pokemon | espanol,TodoHits,30 aniversario Pokémon Day 2026 | POKÉMON | Español,"31,00 €",False,https://todohits.com/products/30-aniversario-pokemon-day-2026-pokemon-espanol
2026-08-12 10:15,UPC · 30 Aniversario · EN,JJCOLLECTION,Pokémon TCG — 30th Celebration Ultra Premium Collection Night | Umbreon ex (Inglés & Español),"0,00 €",False,https://www.jjcollection.es/products/pokemon-tcg-30th-celebration-ultra-premium-collection-night-umbreon-ex-ingles-espanol-copia
2026-08-12 10:15,UPC · 30 Aniversario · EN,JJCOLLECTION,Pokémon TCG - 30th Celebration Ultra Premium Collection Day | Espeon ex (Inglés & Español),"0,00 €",False,https://www.jjcollection.es/products/pokemon-tcg-30th-celebration-ultra-premium-collection-day-espeon-ex-ingles-espanol
2026-08-12 10:15,Booster Bundle · 30 Aniversario · EN,JJCOLLECTION,Pokémon TCG - Booster Bundle 30th Celebration (Inglés & Español),"0,00 €",False,https://www.jjcollection.es/products/pokemon-tcg-booster-bundle-30th-celebration-ingles-espanol
2026-08-12 10:15,ETB · 30 Aniversario · EN,JJCOLLECTION,Pokémon TCG - Elite Trainer Box 30th Celebration (Inglés & Español),"0,00 €",False,https://www.jjcollection.es/products/pokemon-tcg-elite-trainer-box-30th-celebration-ingles
2026-08-12 10:15,Coleccion Ilustracion · First Partner Serie 3 · EN,JJCOLLECTION,Pokémon TCG - First Partners Illustration Collection - Series 3 - 30th Anniversary (Ingles & Español),"0,00 €",False,https://www.jjcollection.es/products/pokemon-tcg-first-partners-illustration-collection-series-3-30th-anniversary-ingles-espanol-copia
2026-08-12 10:15,Coleccion Ilustracion · First Partner Serie 2 · EN,JJCOLLECTION,Pokémon TCG - First Partners Illustration Collection - Series 2 - 30th Anniversary (Ingles & Español),"39,00 €",False,https://www.jjcollection.es/products/pokemon-tcg-first-partners-illustration-collection-series-2-30th-anniversary-ingles-espanol
2026-08-12 10:15,Coleccion Ilustracion · First Partner Serie 1 · EN,JJCOLLECTION,Pokémon TCG - First Partners Illustration Collection - Series 1 - 30th Anniversary (Ingles & Español),"39,00 €",False,https://www.jjcollection.es/products/pokemon-tcg-first-partners-illustration-collection-series-1-30th-anniversary-ingles-espanol
2026-08-12 10:15,ETB · Heroes Ascendentes · ES,JJCOLLECTION,Pokémon TCG - Case X10 ETB Ascended Heroes (Español),"706,00 €",False,https://www.jjcollection.es/products/pokemon-tcg-case-x10-etb-ascended-heroes-espanol
2026-08-12 10:15,Tech Sticker · Heroes Ascendentes · EN,JJCOLLECTION,Pokémon TCG - Tech Sticker Collection Ascended Heroes (Español & ingles),"27,00 €",False,https://www.jjcollection.es/products/pokemon-tcg-tech-sticker-collection-ascended-heroes-espanol-ingles
2026-08-12 10:15,Blister · Heroes Ascendentes · ES,JJCOLLECTION,Pokémon TCG - Blister 2 Sobres Enhanced Héroes Ascendentes (Español),"17,00 €",False,https://www.jjcollection.es/products/pokemon-tcg-blister-2-sobres-enhanced-heroes-ascendentes
2026-08-12 10:15,Booster Bundle · Heroes Ascendentes · EN,JJCOLLECTION,Pokémon TCG - Booster bundle Ascended Heroes (Ingles & Español),"46,00 €",False,https://www.jjcollection.es/products/pokemon-tcg-booster-bundle-ascended-heroes-ingles-espanol
2026-08-12 10:15,ETB · Heroes Ascendentes · EN,JJCOLLECTION,Pokémon TCG - Elite Trainer Box Ascended Heroes (Ingles & Español),"78,00 €",False,https://www.jjcollection.es/products/pokemon-tcg-elite-trainer-box-ascended-heroes-ingles
2026-08-12 10:15,Coleccion Ilustracion · First Partner Serie 3 · ES,Metamorph Center,[ RESERVA ] First Partner Illustration Collection Serie 3 - Español,"32,95 €",False,https://metamorphcenter.com/products/first-partner-illustration-collection-series-3-espanol
2026-08-12 10:15,Coleccion Ilustracion · First Partner Serie 2 · ES,Metamorph Center,[ RESERVA ] First Partner Illustration Collection Serie 2 - Español,"32,95 €",False,https://metamorphcenter.com/products/first-partner-illustration-collection-serie-2-espanol
2026-08-12 10:15,Booster Bundle · Heroes Ascendentes · EN,Metamorph Center,Booster Bundle Ascended Heroes - Inglés,"85,95 €",False,https://metamorphcenter.com/products/booster-bundle-pokemon-ascended-heroes-ingles
2026-08-12 10:15,caja pokemon day 2026 30 aniversario – ingles,Metamorph Center,Caja Pokémon Day 2026 30 Aniversario – Inglés,"40,00 €",False,https://metamorphcenter.com/products/caja-pokemon-day-2026-30-aniversario-ingles
2026-08-12 10:15,Booster Bundle · Heroes Ascendentes · ES,Metamorph Center,Booster Bundle Héroes Ascendentes - Español,"44,95 €",False,https://metamorphcenter.com/products/booster-bundle-heroes-ascendentes-espanol
2026-08-12 10:15,ETB · Heroes Ascendentes · EN,Metamorph Center,ETB Ascended Heroes - Inglés,"99,95 €",False,https://metamorphcenter.com/products/etb-ascended-heroes-ingles
2026-08-12 10:15,Pin Collection · Heroes Ascendentes · ES,Metamorph Center,Pin Deluxe Pack Primeros Compañeros Héroes Ascendentes - Español,"34,99 €",False,https://metamorphcenter.com/products/pin-deluxe-pack-pokemon-marzo-2026-espanol
2026-08-12 10:15,Coleccion Ilustracion · First Partner · ES,Metamorph Center,Colección Ilustración Primer Compañero Pokémon - Español,,False,https://metamorphcenter.com/products/coleccion-ilustracion-primer-companero-espanol
2026-08-12 10:15,Mini Lata · Heroes Ascendentes · ES,Metamorph Center,Mini lata Héroes Ascendentes - Español,"14,95 €",False,https://metamorphcenter.com/products/mini-lata-heroes-ascendentes-es
2026-08-12 10:15,ETB · Heroes Ascendentes · ES,Metamorph Center,ETB Héroes Ascendentes - Español,"64,95 €",False,https://metamorphcenter.com/products/etb-heroes-ascendentes-pokemon
2026-08-12 10:15,Blister · Heroes Ascendentes · ES,Metamorph Center,Blister 2 sobres - Héroes Ascendentes,"14,90 €",False,https://metamorphcenter.com/products/blister-2-sobres-erika-heroes-ascendentes
2026-08-12 10:15,Lata · Heroes Ascendentes · ES,Metamorph Center,Colección de pegatinas especiales - Héroes Ascendentes,"23,90 €",False,https://metamorphcenter.com/products/coleccion-pegatinas-especiales-charizard-heroes-ascendentes
2026-08-12 10:15,caja pokemon day 2026 30 aniversario – espanol,Metamorph Center,Caja Pokémon Day 2026 30 Aniversario – Español,"24,95 €",False,https://metamorphcenter.com/products/caja-pokemon-day-2026-coleccion-especial-30-aniversario-espanol
2026-08-12 10:15,coleccion mega-feraligatr mega-meganium y mega-emboar ex meg,Pokedex Card,Colección Mega-Feraligatr Mega-Meganium y Mega-Emboar Ex Megaevolución-Héroes Ascendentes (ESPAÑOL) I Pokémon TCG,"36,95 €",True,https://www.pokedexcards.com/products/pokedexcards-com-pack-trilogia-megaevolucion-heroes-ascendentes-espanol-tcg-pokemon
2026-08-12 10:15,Booster Bundle · Heroes Ascendentes · ES,Pokedex Card,Booster Bundle 6 sobres Megaevolución-Héroes Ascendentes (ESPAÑOL) I TCG Pokémon,"49,95 €",False,https://www.pokedexcards.com/products/pokedexcards-com-products-booster-bundle-6-sobres-megaevolucion-heroes-ascendentes
2026-08-12 10:15,Lata · Heroes Ascendentes · ES,Pokedex Card,Blister 3 Sobres Pokémon TCG: Héroes Ascendentes + Promo (Gastly / Charmander) + Pegatinas,"24,95 €",False,https://www.pokedexcards.com/products/pokedexcards-com-products-blister-3-sobres-heroes-ascendentes-promo-pegatinas
2026-08-12 10:15,Sobre · 30 Aniversario · ES,Pokedex Card,Pack Colección Día del Pokémon 2026: 30 Aniversario - 3 Sobres + Promo Pikachu (Español),"35,00 €",False,https://www.pokedexcards.com/products/pokedexcards-com-products-coleccion-dia-del-pokemon-2026-30-aniversario-pikachu
2026-08-12 10:15,Poster · Heroes Ascendentes · ES,Pokedex Card,Premium Poster Collection Mega lucario o Mega Gardevoir - Ascended Heroes | Español | POKÉMON,"70,00 €",False,https://www.pokedexcards.com/products/pokedexcards-com-pokemon-premium-poster-collection-megaevolucion-lucario-gardevoir
2026-08-12 10:15,Blister · Heroes Ascendentes · ES,Pokedex Card,Blister de 2 Sobres Pokémon TCG: Héroes Ascendentes (Promo Komala / Tangela) (Español),"14,95 €",False,https://www.pokedexcards.com/products/pokedexcards-com-products-blister-2-sobres-heroes-ascendentes-espanol
2026-08-12 10:15,Pin Collection · Heroes Ascendentes · ES,Pokedex Card,Pin Deluxe Primeros Compañeros de Megaevolución-Héroes Ascendentes  | Español | TCG POKÉMON,"35,95 €",False,https://www.pokedexcards.com/products/pokedexcards-com-pin-deluxe-primeros-companeros-chikorita-tepig-totodile
2026-08-12 10:15,Mini Lata · Heroes Ascendentes · ES,Pokedex Card,Mini Lata Héroes Ascendentes - Pokémon TCG (Español),"14,95 €",False,https://www.pokedexcards.com/products/pokedexcards-com-latas-ex-mega-charizard-heroes-ascendentes-espanol
2026-08-12 10:15,ETB · Heroes Ascendentes · ES,Pokedex Card,Caja de Entrenador Élite (ETB) Héroes Ascendentes - Pokémon TCG (Español),"69,95 €",False,https://www.pokedexcards.com/products/pokedexcards-com-etb-pokemon-heroes-ascendentes-espanol
2026-08-12 10:15,Coleccion Ilustracion · First Partner Serie 2 · ES,RyuCards,Colección Ilustración Primer Compañero Serie 2,,False,https://www.ryucardstcg.com/products/coleccion-ilustracion-primer-companero-serie-2
2026-08-12 10:15,EX Box · Heroes Ascendentes · ES,Saruman Games,POKEMON TCG: ASCENDED HEROES - MEGA EMBOAR EX BOX - ESPAÑOL,"35,00 €",False,https://sarumangames.es/products/pokemon-tcg-ascended-heroes-mega-emboar-ex-box-espanol
2026-08-12 10:15,EX Box · Heroes Ascendentes · ES,Saruman Games,POKEMON TCG: ASCENDED HEROES - MEGA FERALIGART EX BOX - ESPAÑOL,"35,00 €",False,https://sarumangames.es/products/pokemon-tcg-ascended-heroes-mega-feraligart-ex-box-espanol
2026-08-12 10:15,EX Box · Heroes Ascendentes · ES,Saruman Games,POKEMON TCG: ASCENDED HEROES - MEGA MEGANIUM EX BOX - ESPAÑOL,"35,00 €",False,https://sarumangames.es/products/pokemon-tcg-ascended-heroes-mega-meganium-ex-box-espanol
2026-08-12 10:15,Booster Bundle · Heroes Ascendentes · ES,Saruman Games,POKEMON TCG: ASCENDED HEROES - BOOSTER BUNDLE PACK - ESPAÑOL,"35,00 €",False,https://sarumangames.es/products/pokemon-tcg-ascended-heroes-booster-bundle-pack-espanol
2026-08-12 10:15,Pin Collection · Heroes Ascendentes · EN,Saruman Games,POKEMON TCG: Ascended Heroes: First Partners Deluxe Pin Collection INGLÉS MAX 1 por cliente,"36,95 €",False,https://sarumangames.es/products/pokemon-tcg-ascended-heroes-first-partners-deluxe-pin-collection
2026-08-12 10:15,Coleccion Ilustracion · First Partner · EN,Saruman Games,POKEMON TCG: Colección Ilustración First Partner INGLES nº1  - MAX 2 por CLIENTE (Copia),"27,95 €",False,https://sarumangames.es/products/reserva-pokemon-tcg-coleccion-ilustracion-first-partner-ingles-nº1-max-1-por-cliente-copia
2026-08-12 10:15,Coleccion Ilustracion · First Partner · ES,Saruman Games,POKEMON TCG: Colección Ilustración Primer Compañero nº1  - MAX 1 por CLIENTE,,False,https://sarumangames.es/products/pokemon-tcg-coleccion-ilustracion-primer-companero-nº1
2026-08-12 10:15,pokemon tcg: coleccion especial 30 aniversario - pikachu - m,Saruman Games,Pokemon TCG: Colección Especial 30 Aniversario -  Pikachu - MAX 2 por cliente,"24,95 €",False,https://sarumangames.es/products/pokemon-tcg-coleccion-especial-30-aniversario-pikachu
2026-08-12 10:15,Poster · Heroes Ascendentes · ES,Saruman Games,Pokemon TCG:  Ascended Heroes Premium Poster Collection Mega Lucario - Español,"73,00 €",False,https://sarumangames.es/products/pokemon-tcg-ascended-heroes-premium-poster-collection-mega-lucario-espanol
2026-08-12 10:15,Poster · Heroes Ascendentes · EN,Saruman Games,PREPEDIDO: Pokemon TCG:  Ascended Heroes Premium Poster Collection Mega Lucario - Inglés,"75,00 €",False,https://sarumangames.es/products/pokemon-tcg-ascended-heroes-premium-poster-collection-mega-lucario-ingles
2026-08-12 10:15,Poster · Heroes Ascendentes · EN,Saruman Games,PREPEDIDO: Pokemon TCG:  Ascended Heroes Premium Poster Collection Gardevoir - Inglés,"75,00 €",False,https://sarumangames.es/products/pokemon-tcg-ascended-heroes-premium-poster-collection-gardevoir-ingles
2026-08-12 10:15,Poster · Heroes Ascendentes · ES,Saruman Games,Pokemon TCG:  Ascended Heroes Premium Poster Collection Gardevoir - Español,"73,00 €",False,https://sarumangames.es/products/pokemon-tcg-ascended-heroes-premium-poster-collection-gardevoir-espanol
2026-08-12 10:15,Mini Lata · Heroes Ascendentes · ES,Saruman Games,PREPEDIDO: Pokemon TCG:  Ascended Heroes Mini Tins - Español,"13,95 €",False,https://sarumangames.es/products/pokemon-tcg-ascended-heroes-mini-tins-espanol
2026-08-12 10:15,Mini Lata · Heroes Ascendentes · EN,Saruman Games,PREPEDIDO: Pokemon TCG:  Ascended Heroes Mini Tins - Inglés,"15,95 €",False,https://sarumangames.es/products/pokemon-tcg-ascended-heroes-mini-tins-ingles
2026-08-12 10:15,ETB · Heroes Ascendentes · ES,Saruman Games,Pokemon TCG: ETB Ascended Heroes Caja Entrenador Elite,"105,00 €",False,https://sarumangames.es/products/pokemon-tcg-etb-ascended-heroes-caja-entrenador-elite-ingles
2026-08-12 10:15,ETB · Heroes Ascendentes · ES,Saruman Games,Pokemon TCG: ETB Ascended Heroes Caja Entrenador Elite - Español,"70,00 €",False,https://sarumangames.es/products/pokemon-tcg-etb-caja-entrenador-elite-espanol
2026-08-12 10:15,Blister · Heroes Ascendentes · ES,Saruman Games,Pokemon TCG: Ascended Heroes Premium Blister Español - Erika,"15,50 €",False,https://sarumangames.es/products/pokemon-tcg-ascended-heroes-premium-blister-espanol-erika
2026-08-12 10:15,Blister · Heroes Ascendentes · ES,Saruman Games,Pokemon TCG: Ascended Heroes Premium Blister Español - Larry,"15,50 €",False,https://sarumangames.es/products/pokemon-tcg-ascended-heroes-premium-blister-espanol-larry
2026-08-12 10:15,Blister · Heroes Ascendentes · ES,Saruman Games,Pokemon TCG: Ascended Heroes Tech Sticker Blister Español - Gengar,"23,95 €",False,https://sarumangames.es/products/pokemon-tcg-ascended-heroes-tech-sticker-blister-espanol-gengar
2026-08-12 10:15,Blister · Heroes Ascendentes · EN,Saruman Games,Pokemon TCG: Ascended Heroes Tech Sticker Blister Inglés - Gengar,"23,95 €",False,https://sarumangames.es/products/pokemon-tcg-ascended-heroes-tech-sticker-blister-ingles-gengar
2026-08-12 10:15,Blister · Heroes Ascendentes · EN,Saruman Games,Pokemon TCG: Ascended Heroes Tech Sticker Blister Inglés - Charizard,"23,95 €",False,https://sarumangames.es/products/pokemon-tcg-ascended-heroes-tech-sticker-blister-espanol-charizard
2026-08-12 10:15,Blister · Heroes Ascendentes · ES,Saruman Games,Pokemon TCG: Ascended Heroes Tech Sticker Blister Español - Charizard,"23,95 €",False,https://sarumangames.es/products/pokemon-tcg-ascended-heroes-tech-sticker-blister-charizard
2026-08-12 10:15,Coleccion Ilustracion · First Partner Serie 3 · ES,UNSOBREMAS,COLECCIÓN ILUSTRACIÓN - PRIMER COMPAÑERO (SERIE 3) [ES],,True,https://unsobremas.com/products/coleccion-ilustracion-primer-companero-serie-3-es
2026-08-12 10:15,Coleccion Ilustracion · First Partner Serie 1 · ES,UNSOBREMAS,COLECCIÓN ILUSTRACIÓN - PRIMER COMPAÑERO (SERIE 1) [ES],,False,https://unsobremas.com/products/coleccion-ilustracion-primer-companero-serie-1-es
2026-08-12 10:15,Sobre · First Partner Serie 2 · ES,UNSOBREMAS,BOOSTER PACK - PRIMER COMPAÑERO (SERIE 2) [ES],,False,https://unsobremas.com/products/booster-pack-primer-companero-es
2026-08-12 10:15,Coleccion Ilustracion · First Partner Serie 2 · ES,UNSOBREMAS,COLECCIÓN ILUSTRACIÓN - PRIMER COMPAÑERO (SERIE 2) [ES],,False,https://unsobremas.com/products/coleccion-ilustracion-primer-companero-serie-2-es
2026-08-12 10:15,Booster Bundle · Heroes Ascendentes · EN,UNSOBREMAS,BOOSTER BUNDLE - ASCENDED HEROES [EN],"74,95 €",False,https://unsobremas.com/products/booster-bundle-heroes-ascendentes-en
2026-08-12 10:15,Booster Bundle · Heroes Ascendentes · ES,UNSOBREMAS,BOOSTER BUNDLE - HÉROES ASCENDENTES [ES],"44,95 €",False,https://unsobremas.com/products/booster-bundle-heroes-ascendentes-es
2026-08-12 10:15,ETB · Heroes Ascendentes · EN,UNSOBREMAS,ELITE TRAINER BOX - ASCENDED HEROES [EN],"79,95 €",False,https://unsobremas.com/products/elite-trainer-box-heroes-ascendentes-en
2026-08-12 10:15,Mini Lata · Heroes Ascendentes · ES,UNSOBREMAS,TINS - MINI TINS HÉROES ASCENDENTES [ES],"14,95 €",False,https://unsobremas.com/products/tins-mini-tins-prismatic-evolutions-en-copia
2026-08-12 10:15,Tech Sticker · Heroes Ascendentes · ES,UNSOBREMAS,TECH STICKER COLLECTION - HÉROES ASCENDENTES (ARTE ALEATORIO) [ES],"20,95 €",False,https://unsobremas.com/products/tech-sticker-collection-heroes-ascendentes-es
2026-08-12 10:15,Sobre · Heroes Ascendentes · EN,UNSOBREMAS,BOOSTER PACK - ASCENDED HEROES [EN],"8,95 €",False,https://unsobremas.com/products/booster-pack-ascended-heros-en
2026-08-12 10:15,Tech Sticker · Heroes Ascendentes · EN,UNSOBREMAS,TECH STICKER COLLECTION - ASCENDED HEROES (ARTE ALEATORIO) [EN],"25,95 €",False,https://unsobremas.com/products/tech-sticker-collection-ascended-heroes-en
2026-08-12 10:15,Blister · Heroes Ascendentes · ES,UNSOBREMAS,BLISTER PACK - HÉROES ASCENDENTES (ARTE ALEATORIO) [ES],"14,95 €",False,https://unsobremas.com/products/blister-pack-heroes-ascendentes-es
2026-08-12 10:15,Sobre · Heroes Ascendentes · ES,UNSOBREMAS,BOOSTER PACK - HÉROES ASCENDENTES [ES],"6,95 €",False,https://unsobremas.com/products/booster-pack-heroes-ascendentes-es
2026-08-12 10:15,album cartas jumbo first partner collector's binder,CardZone,Album Cartas Jumbo First Partner Collector's Binder,"14,95 €",False,https://cardzone.es/products/album-cartas-jumbo-first-partner-collectors
2026-08-12 10:15,Pin Collection · 30 Aniversario · ES,Pokemillon,Caja Zacian Pin Collection Celebraciones | Celebrations,"89,90 €",False,https://www.pokemillon.com/products/pokemon-caja-zacian-premium-pin-colection-2021
2026-08-12 10:15,caja dragapult prime celebraciones | celebrations,Pokemillon,Caja Dragapult Prime Celebraciones | Celebrations,"69,90 €",False,https://www.pokemillon.com/products/pokemon-caja-dragapult-prime-celebraciones-25-aniversario
2026-08-12 10:15,flying pikachu vmax #007 full art celebrations psa 10 - ingl,Metamorph Center,Flying Pikachu VMAX #007 Full Art Celebrations PSA 10 - Inglés,"129,95 €",False,https://metamorphcenter.com/products/flying-pikachu-vmax-007-full-art-ingles
2026-08-12 10:15,Caja 36 · First Partner · CHINO,Metamorph Center,First Partner Display Set - Bulbasur - Chino,"27,90 €",False,https://metamorphcenter.com/products/first-partner-display-set-bulbasur-chino
2026-08-12 10:15,Caja 36 · First Partner · CHINO,Metamorph Center,First Partner Display Set - Charmander - Chino,"27,90 €",False,https://metamorphcenter.com/products/first-partner-display-set-charmander-chino
2026-08-12 10:15,Caja 36 · First Partner · CHINO,Metamorph Center,First Partner Display Set - Squirtle - Chino,"27,90 €",False,https://metamorphcenter.com/products/first-partner-display-set-squirtle-chino
2026-08-12 11:07,ETB · Heroes Ascendentes · EN,TodoHits,ETB Ascended Heroes | Elite Trainer Box | POKÉMON | Inglés,"100,00 €",False,https://todohits.com/products/etb-ascended-heroes-elite-trainer-box-pokemon-ingles
2026-08-12 11:32,EX Box · Heroes Ascendentes · ES,CardZone,Caja Mega EX Box Héroes Ascendentes - Español,"35,95 €",True,https://cardzone.es/products/caja-mega-ex-box-heroes-ascendentes-espanol
2026-08-12 12:17,Coleccion Ilustracion · First Partner Serie 3 · ES,TodoHits,[Reserva] First partner Series 3 Illustration Collection | POKÉMON | Español (Primer Compañero),"41,00 €",False,https://todohits.com/products/first-partner-series-3-illustration-collection-pokemon-espanol-primer-companero
2026-08-12 12:17,Coleccion Ilustracion · First Partner Serie 2 · CHINO,TodoHits,First partner Series 2 Illustration Collection | POKÉMON | Chino,"21,00 €",False,https://todohits.com/products/first-partner-series-2-illustration-collection-pokemon-chino
2026-08-12 12:17,Mini Lata · Heroes Ascendentes · ES,TodoHits,Mini Lata Héroes Ascendentes | POKÉMON | Español,"21,00 €",False,https://todohits.com/products/mini-tin-heroes-ascendentes-pokemon-espanol
2026-08-12 12:17,Blister · Heroes Ascendentes · ES,TodoHits,Blister 2 Sobres Héroes Ascendentes | POKÉMON | Español,"21,00 €",False,https://todohits.com/products/blister-2-sobres-heroes-ascendentes-pokemon-espanol
2026-08-12 12:17,ETB · Heroes Ascendentes · EN,TodoHits,ETB Ascended Heroes | Elite Trainer Box | POKÉMON | Inglés,"101,00 €",False,https://todohits.com/products/etb-ascended-heroes-elite-trainer-box-pokemon-ingles
2026-08-12 12:17,ETB · Heroes Ascendentes · ES,JJCOLLECTION,Pokémon TCG - Case X10 ETB Ascended Heroes (Español),"707,00 €",False,https://www.jjcollection.es/products/pokemon-tcg-case-x10-etb-ascended-heroes-espanol
2026-08-12 12:17,Tech Sticker · Heroes Ascendentes · EN,JJCOLLECTION,Pokémon TCG - Tech Sticker Collection Ascended Heroes (Español & ingles),"28,00 €",False,https://www.jjcollection.es/products/pokemon-tcg-tech-sticker-collection-ascended-heroes-espanol-ingles
2026-08-12 13:12,Booster Bundle · Heroes Ascendentes · ES,TodoHits,[Mini golpe] Booster Bundle Heroes Ascendentes | POKÉMON | Español,"54,00 €",False,https://todohits.com/products/booster-bundle-heroes-ascendentes-pokemon-espanol
2026-08-12 13:12,ETB · Heroes Ascendentes · ES,JJCOLLECTION,Pokémon TCG - Case X10 ETB Ascended Heroes (Español),"708,00 €",False,https://www.jjcollection.es/products/pokemon-tcg-case-x10-etb-ascended-heroes-espanol
2026-08-12 15:16,Coleccion Ilustracion · First Partner Serie 2 · CHINO,TodoHits,First partner Series 2 Illustration Collection | POKÉMON | Chino,"20,00 €",False,https://todohits.com/products/first-partner-series-2-illustration-collection-pokemon-chino
2026-08-12 15:16,Booster Bundle · Heroes Ascendentes · ES,TodoHits,[Mini golpe] Booster Bundle Heroes Ascendentes | POKÉMON | Español,"53,00 €",False,https://todohits.com/products/booster-bundle-heroes-ascendentes-pokemon-espanol
2026-08-12 15:16,Mini Lata · Heroes Ascendentes · ES,TodoHits,Mini Lata Héroes Ascendentes | POKÉMON | Español,"20,00 €",False,https://todohits.com/products/mini-tin-heroes-ascendentes-pokemon-espanol
2026-08-12 15:16,Blister · Heroes Ascendentes · ES,TodoHits,Blister 2 Sobres Héroes Ascendentes | POKÉMON | Español,"20,00 €",False,https://todohits.com/products/blister-2-sobres-heroes-ascendentes-pokemon-espanol
2026-08-12 15:16,ETB · Heroes Ascendentes · ES,JJCOLLECTION,Pokémon TCG - Case X10 ETB Ascended Heroes (Español),"707,00 €",False,https://www.jjcollection.es/products/pokemon-tcg-case-x10-etb-ascended-heroes-espanol
2026-08-12 16:10,Coleccion Ilustracion · First Partner S2 · ES,The Card Station,Colección Ilustración · Primer Compañero · serie 2 | Pokémon TCG,"29,95 €",True,https://thecardstation.es/product/coleccion-ilustracion-%c2%b7-primer-companero-%c2%b7-serie-2-pokemon-tcg/
2026-08-12 16:10,primer companero pokemon series 3 espanol,Factory Cards TCG,PRIMER COMPAÑERO Pokémon series 3 ESPAÑOL,"29,95 €",True,https://factorycardstcg.com/products/primer-companero-pokemon-series-3-espanol-copia
2026-08-12 16:10,primer companero pokemon series 2 espanol,Factory Cards TCG,PRIMER COMPAÑERO Pokémon series 2 ESPAÑOL,"29,95 €",True,https://factorycardstcg.com/products/primer-companero-pokemon-series-2-espanol
2026-08-12 16:10,Coleccion Ilustracion · First Partner S3 · ES,Toy Planet,Pokémon TCG Colección Ilustración Primer Compañero Serie 3 +6 años,"34,99 €",True,https://www.toyplanet.com/products/pokemon-tcg-coleccion-ilustracion-primer-companero-serie-3-6-anos
2026-08-12 16:10,Coleccion Ilustracion · First Partner S2 · ES,Toy Planet,Pokémon TCG Colección Ilustración Primer Compañero Serie 2 +6 años,"39,99 €",False,https://www.toyplanet.com/products/pokemon-tcg-coleccion-ilustracion-primer-companero-serie-2-6-anos
2026-08-12 16:10,Coleccion Ilustracion · First Partner S2 · ES,La Boveda Friki,Caja Colección Ilustración - Primer Compañero - Serie 2,"29,90 €",False,https://labovedafriki.es/products/caja-coleccion-ilustracion-primer-companero-serie-2
2026-08-12 16:10,Coleccion Ilustracion · First Partner S1 · ES,La Boveda Friki,Caja Colección Ilustración - Primer Compañero - Serie 1,"36,90 €",False,https://labovedafriki.es/products/caja-coleccion-ilustracion-primer-companero
2026-08-12 16:10,Coleccion Ilustracion · First Partner · ES,Metamorph Center,Colección Ilustración Primer Compañero Pokémon - Español,"31,95 €",False,https://metamorphcenter.com/products/coleccion-ilustracion-primer-companero-espanol
2026-08-12 16:10,Coleccion Ilustracion · First Partner S2 · ES,RyuCards,Colección Ilustración Primer Compañero Serie 2,"29,90 €",False,https://www.ryucardstcg.com/products/coleccion-ilustracion-primer-companero-serie-2
2026-08-12 16:10,Coleccion Ilustracion · First Partner · ES,Saruman Games,POKEMON TCG: Colección Ilustración Primer Compañero nº1  - MAX 1 por CLIENTE,"24,95 €",False,https://sarumangames.es/products/pokemon-tcg-coleccion-ilustracion-primer-companero-nº1
2026-08-12 16:10,Coleccion Ilustracion · First Partner S3 · ES,UNSOBREMAS,COLECCIÓN ILUSTRACIÓN - PRIMER COMPAÑERO (SERIE 3) [ES],"34,95 €",True,https://unsobremas.com/products/coleccion-ilustracion-primer-companero-serie-3-es
2026-08-12 16:10,Coleccion Ilustracion · First Partner S1 · ES,UNSOBREMAS,COLECCIÓN ILUSTRACIÓN - PRIMER COMPAÑERO (SERIE 1) [ES],"32,95 €",False,https://unsobremas.com/products/coleccion-ilustracion-primer-companero-serie-1-es
2026-08-12 16:10,Sobre · First Partner S2 · ES,UNSOBREMAS,BOOSTER PACK - PRIMER COMPAÑERO (SERIE 2) [ES],"22,95 €",False,https://unsobremas.com/products/booster-pack-primer-companero-es
2026-08-12 16:10,Coleccion Ilustracion · First Partner S2 · ES,UNSOBREMAS,COLECCIÓN ILUSTRACIÓN - PRIMER COMPAÑERO (SERIE 2) [ES],"32,95 €",False,https://unsobremas.com/products/coleccion-ilustracion-primer-companero-serie-2-es
2026-08-12 17:11,Coleccion Ilustracion S3,TodoHits,[Reserva] First partner Series 3 Illustration Collection | POKÉMON | Español (Primer Compañero),"40,00 €",False,https://todohits.com/products/first-partner-series-3-illustration-collection-pokemon-espanol-primer-companero
2026-08-12 17:11,ETB,TodoHits,ETB Ascended Heroes | Elite Trainer Box | POKÉMON | Inglés,"100,00 €",False,https://todohits.com/products/etb-ascended-heroes-elite-trainer-box-pokemon-ingles
2026-08-12 17:11,Case x10,JJCOLLECTION,Pokémon TCG - Case X10 ETB Ascended Heroes (Español),"706,00 €",False,https://www.jjcollection.es/products/pokemon-tcg-case-x10-etb-ascended-heroes-espanol
2026-08-12 17:11,Tech Sticker,JJCOLLECTION,Pokémon TCG - Tech Sticker Collection Ascended Heroes (Español & ingles),"27,00 €",False,https://www.jjcollection.es/products/pokemon-tcg-tech-sticker-collection-ascended-heroes-espanol-ingles
2026-08-13 03:53,Coleccion Ilustracion S3,TodoHits,[Reserva] First partner Series 3 Illustration Collection | POKÉMON | Español (Primer Compañero),"56,00 €",False,https://todohits.com/products/first-partner-series-3-illustration-collection-pokemon-espanol-primer-companero
2026-08-13 03:53,Coleccion Ilustracion S2,TodoHits,First partner Series 2 Illustration Collection | POKÉMON | Español (Primer Compañero),"58,00 €",False,https://todohits.com/products/first-partner-illustration-collection-series-2-pokemon-espanol-primer-companero
2026-08-13 03:53,Booster Bundle,TodoHits,[Mini golpe] Booster Bundle Heroes Ascendentes | POKÉMON | Español,"74,00 €",False,https://todohits.com/products/booster-bundle-heroes-ascendentes-pokemon-espanol
2026-08-13 03:53,Booster Bundle,TodoHits,Booster Bundle Ascended Heroes | POKÉMON | Inglés,"132,00 €",False,https://todohits.com/products/booster-bundle-heroes-ascendentes-pokemon-ingles
2026-08-13 03:53,Poster,TodoHits,Premium Poster Collection Ascended Heroes | POKÉMON | Inglés,"197,00 €",False,https://todohits.com/products/premium-poster-collection-ascended-heroes-pokemon-ingles
2026-08-13 03:53,Pin Collection,TodoHits,Deluxe Pin Collection Ascended Heroes | POKÉMON | Inglés,"82,00 €",False,https://todohits.com/products/deluxe-pin-collection-ascended-heroes-pokemon-ingles
2026-08-13 03:53,Coleccion Ilustracion S1,TodoHits,First partner Series 1 Illustration Collection | POKÉMON | Español (Primer Compañero),"63,00 €",False,https://todohits.com/products/reserva-first-partner-illustration-collection-series-1-pokemon-espanol
2026-08-13 03:53,Poster,TodoHits,Premium Poster Collection Heroes Ascendentes | POKÉMON | Español,"123,00 €",False,https://todohits.com/products/reserva-premium-poster-collection-heroes-ascendentes-pokemon-espanol
2026-08-13 03:53,Pin Collection,TodoHits,Deluxe Pin Collection Heroes Ascendentes | POKÉMON | Español,"63,00 €",False,https://todohits.com/products/pin-collection-deluxe-heroes-ascendentes-pokemon-espanol
2026-08-13 03:53,Mini Lata,TodoHits,Mini Lata Héroes Ascendentes | POKÉMON | Español,"28,00 €",False,https://todohits.com/products/mini-tin-heroes-ascendentes-pokemon-espanol
2026-08-13 03:53,Blister,TodoHits,Blister 2 Sobres Héroes Ascendentes | POKÉMON | Español,"28,00 €",False,https://todohits.com/products/blister-2-sobres-heroes-ascendentes-pokemon-espanol
2026-08-13 03:53,Tech Sticker,TodoHits,Tech Sticker 3 Sobres Ascended heroes | POKÉMON | Inglés,"46,00 €",False,https://todohits.com/products/tech-sticker-3-sobres-ascended-heroes-pokemon-ingles
2026-08-13 03:53,Blister,TodoHits,Blister 3 Sobres Héroes Ascendentes | POKÉMON | Español,"38,00 €",False,https://todohits.com/products/blister-3-sobres-heroes-ascendentes-pokemon-espanol
2026-08-13 03:53,ETB,TodoHits,ETB Heroes Ascendentes | Elite Trainer Box | POKÉMON | Español,"115,00 €",False,https://todohits.com/products/etb-heroes-ascendentes-elite-trainer-box-pokemon-espanol
2026-08-13 03:53,ETB,TodoHits,ETB Ascended Heroes | Elite Trainer Box | POKÉMON | Inglés,"140,00 €",False,https://todohits.com/products/etb-ascended-heroes-elite-trainer-box-pokemon-ingles
2026-08-13 03:53,Special Collection,TodoHits,30 aniversario Pokémon Day 2026 | POKÉMON | Español,"43,00 €",False,https://todohits.com/products/30-aniversario-pokemon-day-2026-pokemon-espanol
2026-08-13 03:53,Coleccion Ilustracion S2,JJCOLLECTION,Pokémon TCG - First Partners Illustration Collection - Series 2 - 30th Anniversary (Ingles & Español),"54,00 €",False,https://www.jjcollection.es/products/pokemon-tcg-first-partners-illustration-collection-series-2-30th-anniversary-ingles-espanol
2026-08-13 03:53,Coleccion Ilustracion S1,JJCOLLECTION,Pokémon TCG - First Partners Illustration Collection - Series 1 - 30th Anniversary (Ingles & Español),"54,00 €",False,https://www.jjcollection.es/products/pokemon-tcg-first-partners-illustration-collection-series-1-30th-anniversary-ingles-espanol
2026-08-13 03:53,Case x10,JJCOLLECTION,Pokémon TCG - Case X10 ETB Ascended Heroes (Español),"984,00 €",False,https://www.jjcollection.es/products/pokemon-tcg-case-x10-etb-ascended-heroes-espanol
2026-08-13 03:53,Tech Sticker,JJCOLLECTION,Pokémon TCG - Tech Sticker Collection Ascended Heroes (Español & ingles),"38,00 €",False,https://www.jjcollection.es/products/pokemon-tcg-tech-sticker-collection-ascended-heroes-espanol-ingles
2026-08-13 03:53,Blister,JJCOLLECTION,Pokémon TCG - Blister 2 Sobres Enhanced Héroes Ascendentes (Español),"24,00 €",False,https://www.jjcollection.es/products/pokemon-tcg-blister-2-sobres-enhanced-heroes-ascendentes
2026-08-13 03:53,Booster Bundle,JJCOLLECTION,Pokémon TCG - Booster bundle Ascended Heroes (Ingles & Español),"64,00 €",False,https://www.jjcollection.es/products/pokemon-tcg-booster-bundle-ascended-heroes-ingles-espanol
2026-08-13 03:53,ETB,JJCOLLECTION,Pokémon TCG - Elite Trainer Box Ascended Heroes (Ingles & Español),"109,00 €",False,https://www.jjcollection.es/products/pokemon-tcg-elite-trainer-box-ascended-heroes-ingles
2026-08-13 04:33,Coleccion Ilustracion S3,TodoHits,[Reserva] First partner Series 3 Illustration Collection | POKÉMON | Español (Primer Compañero),"40,00 €",False,https://todohits.com/products/first-partner-series-3-illustration-collection-pokemon-espanol-primer-companero
2026-08-13 04:33,Coleccion Ilustracion S2,TodoHits,First partner Series 2 Illustration Collection | POKÉMON | Español (Primer Compañero),"42,00 €",False,https://todohits.com/products/first-partner-illustration-collection-series-2-pokemon-espanol-primer-companero
2026-08-13 04:33,Booster Bundle,TodoHits,[Mini golpe] Booster Bundle Heroes Ascendentes | POKÉMON | Español,"53,00 €",False,https://todohits.com/products/booster-bundle-heroes-ascendentes-pokemon-espanol
2026-08-13 04:33,Booster Bundle,TodoHits,Booster Bundle Ascended Heroes | POKÉMON | Inglés,"95,00 €",False,https://todohits.com/products/booster-bundle-heroes-ascendentes-pokemon-ingles
2026-08-13 04:33,Poster,TodoHits,Premium Poster Collection Ascended Heroes | POKÉMON | Inglés,"142,00 €",False,https://todohits.com/products/premium-poster-collection-ascended-heroes-pokemon-ingles
2026-08-13 04:33,Pin Collection,TodoHits,Deluxe Pin Collection Ascended Heroes | POKÉMON | Inglés,"59,00 €",False,https://todohits.com/products/deluxe-pin-collection-ascended-heroes-pokemon-ingles
2026-08-13 04:33,Coleccion Ilustracion S1,TodoHits,First partner Series 1 Illustration Collection | POKÉMON | Español (Primer Compañero),"45,00 €",False,https://todohits.com/products/reserva-first-partner-illustration-collection-series-1-pokemon-espanol
2026-08-13 04:33,Poster,TodoHits,Premium Poster Collection Heroes Ascendentes | POKÉMON | Español,"89,00 €",False,https://todohits.com/products/reserva-premium-poster-collection-heroes-ascendentes-pokemon-espanol
2026-08-13 04:33,Pin Collection,TodoHits,Deluxe Pin Collection Heroes Ascendentes | POKÉMON | Español,"45,00 €",False,https://todohits.com/products/pin-collection-deluxe-heroes-ascendentes-pokemon-espanol
2026-08-13 04:33,Mini Lata,TodoHits,Mini Lata Héroes Ascendentes | POKÉMON | Español,"20,00 €",False,https://todohits.com/products/mini-tin-heroes-ascendentes-pokemon-espanol
2026-08-13 04:33,Blister,TodoHits,Blister 2 Sobres Héroes Ascendentes | POKÉMON | Español,"20,00 €",False,https://todohits.com/products/blister-2-sobres-heroes-ascendentes-pokemon-espanol
2026-08-13 04:33,Tech Sticker,TodoHits,Tech Sticker 3 Sobres Ascended heroes | POKÉMON | Inglés,"33,00 €",False,https://todohits.com/products/tech-sticker-3-sobres-ascended-heroes-pokemon-ingles
2026-08-13 04:33,Blister,TodoHits,Blister 3 Sobres Héroes Ascendentes | POKÉMON | Español,"28,00 €",False,https://todohits.com/products/blister-3-sobres-heroes-ascendentes-pokemon-espanol
2026-08-13 04:33,ETB,TodoHits,ETB Heroes Ascendentes | Elite Trainer Box | POKÉMON | Español,"83,00 €",False,https://todohits.com/products/etb-heroes-ascendentes-elite-trainer-box-pokemon-espanol
2026-08-13 04:33,ETB,TodoHits,ETB Ascended Heroes | Elite Trainer Box | POKÉMON | Inglés,"100,00 €",False,https://todohits.com/products/etb-ascended-heroes-elite-trainer-box-pokemon-ingles
2026-08-13 04:33,Special Collection,TodoHits,30 aniversario Pokémon Day 2026 | POKÉMON | Español,"31,00 €",False,https://todohits.com/products/30-aniversario-pokemon-day-2026-pokemon-espanol
2026-08-13 04:33,Coleccion Ilustracion S2,JJCOLLECTION,Pokémon TCG - First Partners Illustration Collection - Series 2 - 30th Anniversary (Ingles & Español),"39,00 €",False,https://www.jjcollection.es/products/pokemon-tcg-first-partners-illustration-collection-series-2-30th-anniversary-ingles-espanol
2026-08-13 04:33,Coleccion Ilustracion S1,JJCOLLECTION,Pokémon TCG - First Partners Illustration Collection - Series 1 - 30th Anniversary (Ingles & Español),"39,00 €",False,https://www.jjcollection.es/products/pokemon-tcg-first-partners-illustration-collection-series-1-30th-anniversary-ingles-espanol
2026-08-13 04:33,Case x10,JJCOLLECTION,Pokémon TCG - Case X10 ETB Ascended Heroes (Español),"706,00 €",False,https://www.jjcollection.es/products/pokemon-tcg-case-x10-etb-ascended-heroes-espanol
2026-08-13 04:33,Tech Sticker,JJCOLLECTION,Pokémon TCG - Tech Sticker Collection Ascended Heroes (Español & ingles),"27,00 €",False,https://www.jjcollection.es/products/pokemon-tcg-tech-sticker-collection-ascended-heroes-espanol-ingles
2026-08-13 04:33,Blister,JJCOLLECTION,Pokémon TCG - Blister 2 Sobres Enhanced Héroes Ascendentes (Español),"17,00 €",False,https://www.jjcollection.es/products/pokemon-tcg-blister-2-sobres-enhanced-heroes-ascendentes
2026-08-13 04:33,Booster Bundle,JJCOLLECTION,Pokémon TCG - Booster bundle Ascended Heroes (Ingles & Español),"46,00 €",False,https://www.jjcollection.es/products/pokemon-tcg-booster-bundle-ascended-heroes-ingles-espanol
2026-08-13 04:33,ETB,JJCOLLECTION,Pokémon TCG - Elite Trainer Box Ascended Heroes (Ingles & Español),"78,00 €",False,https://www.jjcollection.es/products/pokemon-tcg-elite-trainer-box-ascended-heroes-ingles
2026-08-13 07:43,Booster Bundle,TodoHits,Booster Bundle Ascended Heroes | POKÉMON | Inglés,"94,00 €",False,https://todohits.com/products/booster-bundle-heroes-ascendentes-pokemon-ingles
2026-08-13 07:43,Poster,TodoHits,Premium Poster Collection Ascended Heroes | POKÉMON | Inglés,"141,00 €",False,https://todohits.com/products/premium-poster-collection-ascended-heroes-pokemon-ingles
2026-08-13 07:43,Case x10,JJCOLLECTION,Pokémon TCG - Case X10 ETB Ascended Heroes (Español),"705,00 €",False,https://www.jjcollection.es/products/pokemon-tcg-case-x10-etb-ascended-heroes-espanol
2026-08-13 08:14,Booster Bundle,TodoHits,Booster Bundle Ascended Heroes | POKÉMON | Inglés,"95,00 €",False,https://todohits.com/products/booster-bundle-heroes-ascendentes-pokemon-ingles
2026-08-13 08:14,Poster,TodoHits,Premium Poster Collection Ascended Heroes | POKÉMON | Inglés,"142,00 €",False,https://todohits.com/products/premium-poster-collection-ascended-heroes-pokemon-ingles
2026-08-13 08:14,Case x10,JJCOLLECTION,Pokémon TCG - Case X10 ETB Ascended Heroes (Español),"706,00 €",False,https://www.jjcollection.es/products/pokemon-tcg-case-x10-etb-ascended-heroes-espanol
2026-08-13 08:14,Primer Compañero Serie 3 Español,Darizard9,Primer Compañero Serie 3 Español,"29,99 €",True,https://www.darizard9.com/products/primer-companero-serie-3-espanol
2026-08-13 08:14,Case x10 S3,Darizard9,Case x6 Primer Compañero Serie 3 Español,"179,99 €",True,https://www.darizard9.com/products/case-x6-primer-companero-serie-3-espanol
2026-08-13 09:57,Coleccion Ilustracion S3,UNSOBREMAS,COLECCIÓN ILUSTRACIÓN - PRIMER COMPAÑERO (SERIE 3) [ES],"32,95 €",True,https://unsobremas.com/products/coleccion-ilustracion-primer-companero-serie-3-es
2026-08-13 09:57,Poster (gardevoir),OZ Juegos,Pokémon TCG – Colección con poster premium de Mega-Gardevoir – Megaevolución-Héroes Ascendentes,"74,95 €",True,https://ozjuegos.com/producto/pokemon-tcg-coleccion-con-poster-premium-de-mega-gardevoir-megaevolucion-heroes-ascendentes/
2026-08-13 09:57,Poster (lucario),OZ Juegos,Pokémon TCG – Colección con poster premium de Mega-Lucario – Megaevolución-Héroes Ascendentes,"74,95 €",True,https://ozjuegos.com/producto/pokemon-tcg-coleccion-con-poster-premium-de-mega-lucario-megaevolucion-heroes-ascendentes/
2026-08-13 09:57,Coleccion Ilustracion S3,OZ Juegos,Pokemon TCG – Colección Ilustración Primer Compañero (serie 3) (Español),"24,95 €",True,https://ozjuegos.com/producto/pokemon-tcg-coleccion-ilustracion-primer-companero-serie-3-espanol/
2026-08-13 09:57,Coleccion Ilustracion S2,Flash Store,First Partner Illustration Collection Series 2,"29,90 €",True,https://flashstore.es/producto/first-partner-illustration-collection-series-2/
2026-08-13 09:57,Caja 36,Flash Store,Heroes Ascendentes Display Mini Lata,"229,90 €",True,https://flashstore.es/producto/heroes-ascendentes-display-mini-lata/
2026-08-13 09:57,Coleccion Ilustracion S1,Flash Store,First Partner Illustration Collection Series 1,"37,90 €",True,https://flashstore.es/producto/first-partner-illustration-collection-series-1/
2026-08-13 09:57,Poster (gardevoir),Flash Store,Heroes Ascendentes Premium Poster Collection Gardevoir,"74,90 €",True,https://flashstore.es/producto/heroes-ascendentes-premium-poster-collection-gardevoir/
2026-08-13 13:40,Coleccion Ilustracion S3,TodoHits,[Reserva] First partner Series 3 Illustration Collection | POKÉMON | Español (Primer Compañero),"41,00 €",False,https://todohits.com/products/first-partner-series-3-illustration-collection-pokemon-espanol-primer-companero
2026-08-13 13:40,ETB,TodoHits,ETB Ascended Heroes | Elite Trainer Box | POKÉMON | Inglés,"101,00 €",False,https://todohits.com/products/etb-ascended-heroes-elite-trainer-box-pokemon-ingles
2026-08-13 13:40,Case x10,JJCOLLECTION,Pokémon TCG - Case X10 ETB Ascended Heroes (Español),"707,00 €",False,https://www.jjcollection.es/products/pokemon-tcg-case-x10-etb-ascended-heroes-espanol
2026-08-13 13:40,Tech Sticker,JJCOLLECTION,Pokémon TCG - Tech Sticker Collection Ascended Heroes (Español & ingles),"28,00 €",False,https://www.jjcollection.es/products/pokemon-tcg-tech-sticker-collection-ascended-heroes-espanol-ingles
2026-08-13 14:14,Coleccion Ilustracion S3,TodoHits,[Reserva] First partner Series 3 Illustration Collection | POKÉMON | Español (Primer Compañero),"40,00 €",False,https://todohits.com/products/first-partner-series-3-illustration-collection-pokemon-espanol-primer-companero
2026-08-13 14:14,ETB,TodoHits,ETB Ascended Heroes | Elite Trainer Box | POKÉMON | Inglés,"100,00 €",False,https://todohits.com/products/etb-ascended-heroes-elite-trainer-box-pokemon-ingles
2026-08-13 14:14,Case x10,JJCOLLECTION,Pokémon TCG - Case X10 ETB Ascended Heroes (Español),"706,00 €",False,https://www.jjcollection.es/products/pokemon-tcg-case-x10-etb-ascended-heroes-espanol
2026-08-13 14:14,Tech Sticker,JJCOLLECTION,Pokémon TCG - Tech Sticker Collection Ascended Heroes (Español & ingles),"27,00 €",False,https://www.jjcollection.es/products/pokemon-tcg-tech-sticker-collection-ascended-heroes-espanol-ingles
2026-08-13 15:08,Coleccion Ilustracion S2,TCG Level,First Partner Illustration Collections Series 2 Español,"29,90 €",False,https://tcglevel.com/products/first-partner-illustration-collections-series-2-espanol
2026-08-13 15:08,Coleccion Ilustracion S3,TodoHits,[Reserva] First partner Series 3 Illustration Collection | POKÉMON | Español (Primer Compañero),"41,00 €",False,https://todohits.com/products/first-partner-series-3-illustration-collection-pokemon-espanol-primer-companero
2026-08-13 15:08,Mini Lata,TodoHits,Mini Lata Héroes Ascendentes | POKÉMON | Español,"21,00 €",False,https://todohits.com/products/mini-tin-heroes-ascendentes-pokemon-espanol
2026-08-13 15:08,Blister,TodoHits,Blister 2 Sobres Héroes Ascendentes | POKÉMON | Español,"21,00 €",False,https://todohits.com/products/blister-2-sobres-heroes-ascendentes-pokemon-espanol
2026-08-13 15:08,ETB,TodoHits,ETB Ascended Heroes | Elite Trainer Box | POKÉMON | Inglés,"101,00 €",False,https://todohits.com/products/etb-ascended-heroes-elite-trainer-box-pokemon-ingles
2026-08-13 15:08,Case x10,JJCOLLECTION,Pokémon TCG - Case X10 ETB Ascended Heroes (Español),"707,00 €",False,https://www.jjcollection.es/products/pokemon-tcg-case-x10-etb-ascended-heroes-espanol
2026-08-13 15:08,Tech Sticker,JJCOLLECTION,Pokémon TCG - Tech Sticker Collection Ascended Heroes (Español & ingles),"28,00 €",False,https://www.jjcollection.es/products/pokemon-tcg-tech-sticker-collection-ascended-heroes-espanol-ingles
2026-08-13 16:26,Coleccion Ilustracion S3,TodoHits,[Reserva] First partner Series 3 Illustration Collection | POKÉMON | Español (Primer Compañero),"40,00 €",False,https://todohits.com/products/first-partner-series-3-illustration-collection-pokemon-espanol-primer-companero
2026-08-13 16:26,Mini Lata,TodoHits,Mini Lata Héroes Ascendentes | POKÉMON | Español,"20,00 €",False,https://todohits.com/products/mini-tin-heroes-ascendentes-pokemon-espanol
2026-08-13 16:26,Blister,TodoHits,Blister 2 Sobres Héroes Ascendentes | POKÉMON | Español,"20,00 €",False,https://todohits.com/products/blister-2-sobres-heroes-ascendentes-pokemon-espanol
2026-08-13 16:26,ETB,TodoHits,ETB Ascended Heroes | Elite Trainer Box | POKÉMON | Inglés,"100,00 €",False,https://todohits.com/products/etb-ascended-heroes-elite-trainer-box-pokemon-ingles
2026-08-13 16:26,Case x10,JJCOLLECTION,Pokémon TCG - Case X10 ETB Ascended Heroes (Español),"706,00 €",False,https://www.jjcollection.es/products/pokemon-tcg-case-x10-etb-ascended-heroes-espanol
2026-08-13 16:26,Tech Sticker,JJCOLLECTION,Pokémon TCG - Tech Sticker Collection Ascended Heroes (Español & ingles),"27,00 €",False,https://www.jjcollection.es/products/pokemon-tcg-tech-sticker-collection-ascended-heroes-espanol-ingles
2026-08-13 16:26,Booster Bundle,Flash Store,Heroes Ascendentes Booster Bundle,"57,90 €",True,https://flashstore.es/producto/heroes-ascendentes-booster-bundle/
2026-08-14 01:11,ETB,TodoHits,ETB Ascended Heroes | Elite Trainer Box | POKÉMON | Inglés,"101,00 €",False,https://todohits.com/products/etb-ascended-heroes-elite-trainer-box-pokemon-ingles
2026-08-14 01:11,Case x10,JJCOLLECTION,Pokémon TCG - Case X10 ETB Ascended Heroes (Español),"707,00 €",False,https://www.jjcollection.es/products/pokemon-tcg-case-x10-etb-ascended-heroes-espanol
2026-08-14 01:11,Tech Sticker,JJCOLLECTION,Pokémon TCG - Tech Sticker Collection Ascended Heroes (Español & ingles),"28,00 €",False,https://www.jjcollection.es/products/pokemon-tcg-tech-sticker-collection-ascended-heroes-espanol-ingles
2026-08-14 03:03,ETB,TodoHits,ETB Ascended Heroes | Elite Trainer Box | POKÉMON | Inglés,"100,00 €",False,https://todohits.com/products/etb-ascended-heroes-elite-trainer-box-pokemon-ingles
2026-08-14 03:03,Case x10,JJCOLLECTION,Pokémon TCG - Case X10 ETB Ascended Heroes (Español),"706,00 €",False,https://www.jjcollection.es/products/pokemon-tcg-case-x10-etb-ascended-heroes-espanol
2026-08-14 03:03,Tech Sticker,JJCOLLECTION,Pokémon TCG - Tech Sticker Collection Ascended Heroes (Español & ingles),"27,00 €",False,https://www.jjcollection.es/products/pokemon-tcg-tech-sticker-collection-ascended-heroes-espanol-ingles
2026-08-14 04:32,ETB,TodoHits,ETB Ascended Heroes | Elite Trainer Box | POKÉMON | Inglés,"101,00 €",False,https://todohits.com/products/etb-ascended-heroes-elite-trainer-box-pokemon-ingles
2026-08-14 04:32,Case x10,JJCOLLECTION,Pokémon TCG - Case X10 ETB Ascended Heroes (Español),"707,00 €",False,https://www.jjcollection.es/products/pokemon-tcg-case-x10-etb-ascended-heroes-espanol
2026-08-14 04:32,Tech Sticker,JJCOLLECTION,Pokémon TCG - Tech Sticker Collection Ascended Heroes (Español & ingles),"28,00 €",False,https://www.jjcollection.es/products/pokemon-tcg-tech-sticker-collection-ascended-heroes-espanol-ingles
2026-08-14 05:14,Coleccion Ilustracion S3,TodoHits,[Reserva] First partner Series 3 Illustration Collection | POKÉMON | Español (Primer Compañero),"41,00 €",False,https://todohits.com/products/first-partner-series-3-illustration-collection-pokemon-espanol-primer-companero
2026-08-14 07:28,Blister,CardZone,Blister Pokemon Héroes Ascendentes - Español,"19,95 €",True,https://cardzone.es/products/blister-heroes-ascendentes-espanol
2026-08-14 08:38,Mini Lata,TodoHits,Mini Lata Héroes Ascendentes | POKÉMON | Español,"21,00 €",False,https://todohits.com/products/mini-tin-heroes-ascendentes-pokemon-espanol
2026-08-14 08:38,Blister,TodoHits,Blister 2 Sobres Héroes Ascendentes | POKÉMON | Español,"21,00 €",False,https://todohits.com/products/blister-2-sobres-heroes-ascendentes-pokemon-espanol
2026-08-14 09:10,Booster Bundle,TodoHits,Booster Bundle Heroes Ascendentes | POKÉMON | Español,"54,00 €",False,https://todohits.com/products/booster-bundle-heroes-ascendentes-pokemon-espanol
2026-08-14 09:10,Case x10,JJCOLLECTION,Pokémon TCG - Case X10 ETB Ascended Heroes (Español),"708,00 €",False,https://www.jjcollection.es/products/pokemon-tcg-case-x10-etb-ascended-heroes-espanol
2026-08-14 10:51,Blister (charmander),OZ Juegos,Pokémon – Blister Héroes Ascendentes Español – Charmander,"24,95 €",False,https://ozjuegos.com/producto/pokemon-blister-heroes-ascendentes-espanol-charmander/
2026-08-14 10:51,Blister (gastly),OZ Juegos,Pokémon – Blister Héroes Ascendentes Español – Gastly,"24,95 €",False,https://ozjuegos.com/producto/pokemon-blister-heroes-ascendentes-espanol-gastly/
2026-08-14 10:51,Blister (komala),OZ Juegos,Pokémon – Blister Héroes Ascendentes Español – Komala,"17,95 €",False,https://ozjuegos.com/producto/pokemon-blister-heroes-ascendentes-espanol-komala/
2026-08-14 10:51,Blister (tangela),OZ Juegos,Pokémon – Blister Héroes Ascendentes Español – Tangela,"17,95 €",False,https://ozjuegos.com/producto/pokemon-blister-heroes-ascendentes-espanol-tangela/
2026-08-14 10:51,Poster (gardevoir),OZ Juegos,Pokémon TCG – Colección con poster premium de Mega-Gardevoir – Megaevolución-Héroes Ascendentes,"74,95 €",False,https://ozjuegos.com/producto/pokemon-tcg-coleccion-con-poster-premium-de-mega-gardevoir-megaevolucion-heroes-ascendentes/
2026-08-14 10:51,Poster (lucario),OZ Juegos,Pokémon TCG – Colección con poster premium de Mega-Lucario – Megaevolución-Héroes Ascendentes,"74,95 €",False,https://ozjuegos.com/producto/pokemon-tcg-coleccion-con-poster-premium-de-mega-lucario-megaevolucion-heroes-ascendentes/
2026-08-14 10:51,Coleccion Ilustracion S3,OZ Juegos,Pokemon TCG – Colección Ilustración Primer Compañero (serie 3) (Español),"24,95 €",False,https://ozjuegos.com/producto/pokemon-tcg-coleccion-ilustracion-primer-companero-serie-3-espanol/
2026-08-14 12:11,Tech Sticker,TodoHits,Tech Sticker 3 Sobres Ascended heroes | POKÉMON | Inglés,"34,00 €",False,https://todohits.com/products/tech-sticker-3-sobres-ascended-heroes-pokemon-ingles
2026-08-14 14:07,Case x10,JJCOLLECTION,Pokémon TCG - Case X10 ETB Ascended Heroes (Español),"709,00 €",False,https://www.jjcollection.es/products/pokemon-tcg-case-x10-etb-ascended-heroes-espanol
2026-08-14 14:07,Booster Bundle,JJCOLLECTION,Pokémon TCG - Booster bundle Ascended Heroes (Ingles & Español),"47,00 €",False,https://www.jjcollection.es/products/pokemon-tcg-booster-bundle-ascended-heroes-ingles-espanol
2026-08-14 14:32,Pin Collection,TodoHits,Deluxe Pin Collection Ascended Heroes | POKÉMON | Inglés,"60,00 €",False,https://todohits.com/products/deluxe-pin-collection-ascended-heroes-pokemon-ingles
2026-08-14 17:19,Pin Collection,TodoHits,Deluxe Pin Collection Ascended Heroes | POKÉMON | Inglés,"59,00 €",False,https://todohits.com/products/deluxe-pin-collection-ascended-heroes-pokemon-ingles
2026-08-14 18:07,Case x10,JJCOLLECTION,Pokémon TCG - Case X10 ETB Ascended Heroes (Español),"708,00 €",False,https://www.jjcollection.es/products/pokemon-tcg-case-x10-etb-ascended-heroes-espanol
2026-08-14 18:07,Booster Bundle,JJCOLLECTION,Pokémon TCG - Booster bundle Ascended Heroes (Ingles & Español),"46,00 €",False,https://www.jjcollection.es/products/pokemon-tcg-booster-bundle-ascended-heroes-ingles-espanol
2026-08-14 20:08,Blister,CardZone,Blister Pokemon Héroes Ascendentes - Español,"19,95 €",False,https://cardzone.es/products/blister-heroes-ascendentes-espanol
2026-08-14 20:08,Case x10,JJCOLLECTION,Pokémon TCG - Case X10 ETB Ascended Heroes (Español),"709,00 €",False,https://www.jjcollection.es/products/pokemon-tcg-case-x10-etb-ascended-heroes-espanol
2026-08-14 21:13,Pin Collection,TodoHits,Deluxe Pin Collection Ascended Heroes | POKÉMON | Inglés,"60,00 €",False,https://todohits.com/products/deluxe-pin-collection-ascended-heroes-pokemon-ingles
2026-08-14 21:13,Booster Bundle,JJCOLLECTION,Pokémon TCG - Booster bundle Ascended Heroes (Ingles & Español),"47,00 €",False,https://www.jjcollection.es/products/pokemon-tcg-booster-bundle-ascended-heroes-ingles-espanol
2026-08-14 22:06,Pin Collection,TodoHits,Deluxe Pin Collection Ascended Heroes | POKÉMON | Inglés,"59,00 €",False,https://todohits.com/products/deluxe-pin-collection-ascended-heroes-pokemon-ingles
2026-08-14 22:25,Booster Bundle,JJCOLLECTION,Pokémon TCG - Booster bundle Ascended Heroes (Ingles & Español),"46,00 €",False,https://www.jjcollection.es/products/pokemon-tcg-booster-bundle-ascended-heroes-ingles-espanol
2026-08-16 11:52,EX Box,CardZone,Caja Mega EX Box Héroes Ascendentes - Español,"35,95 €",False,https://cardzone.es/products/caja-mega-ex-box-heroes-ascendentes-espanol
2026-08-16 16:13,Case x10,JJCOLLECTION,Pokémon TCG - Case X10 ETB Ascended Heroes (Español),"708,00 €",False,https://www.jjcollection.es/products/pokemon-tcg-case-x10-etb-ascended-heroes-espanol
2026-08-16 17:12,Pin Collection,TodoHits,Deluxe Pin Collection Ascended Heroes | POKÉMON | Inglés,"60,00 €",False,https://todohits.com/products/deluxe-pin-collection-ascended-heroes-pokemon-ingles
2026-08-16 17:12,Case x10,JJCOLLECTION,Pokémon TCG - Case X10 ETB Ascended Heroes (Español),"709,00 €",False,https://www.jjcollection.es/products/pokemon-tcg-case-x10-etb-ascended-heroes-espanol
2026-08-16 17:12,Booster Bundle,JJCOLLECTION,Pokémon TCG - Booster bundle Ascended Heroes (Ingles & Español),"47,00 €",False,https://www.jjcollection.es/products/pokemon-tcg-booster-bundle-ascended-heroes-ingles-espanol
2026-08-16 18:13,Pin Collection,TodoHits,Deluxe Pin Collection Ascended Heroes | POKÉMON | Inglés,"59,00 €",False,https://todohits.com/products/deluxe-pin-collection-ascended-heroes-pokemon-ingles
2026-08-16 18:13,Case x10,JJCOLLECTION,Pokémon TCG - Case X10 ETB Ascended Heroes (Español),"708,00 €",False,https://www.jjcollection.es/products/pokemon-tcg-case-x10-etb-ascended-heroes-espanol
2026-08-16 18:13,Booster Bundle,JJCOLLECTION,Pokémon TCG - Booster bundle Ascended Heroes (Ingles & Español),"46,00 €",False,https://www.jjcollection.es/products/pokemon-tcg-booster-bundle-ascended-heroes-ingles-espanol
2026-08-16 19:16,Case x10,JJCOLLECTION,Pokémon TCG - Case X10 ETB Ascended Heroes (Español),"709,00 €",False,https://www.jjcollection.es/products/pokemon-tcg-case-x10-etb-ascended-heroes-espanol
2026-08-16 20:13,Booster Bundle,JJCOLLECTION,Pokémon TCG - Booster bundle Ascended Heroes (Ingles & Español),"47,00 €",False,https://www.jjcollection.es/products/pokemon-tcg-booster-bundle-ascended-heroes-ingles-espanol
2026-08-16 21:13,Case x10,JJCOLLECTION,Pokémon TCG - Case X10 ETB Ascended Heroes (Español),"708,00 €",False,https://www.jjcollection.es/products/pokemon-tcg-case-x10-etb-ascended-heroes-espanol
2026-08-16 21:13,Booster Bundle,JJCOLLECTION,Pokémon TCG - Booster bundle Ascended Heroes (Ingles & Español),"46,00 €",False,https://www.jjcollection.es/products/pokemon-tcg-booster-bundle-ascended-heroes-ingles-espanol
2026-08-16 23:13,Pin Collection,TodoHits,Deluxe Pin Collection Ascended Heroes | POKÉMON | Inglés,"60,00 €",False,https://todohits.com/products/deluxe-pin-collection-ascended-heroes-pokemon-ingles
2026-08-16 23:13,Case x10,JJCOLLECTION,Pokémon TCG - Case X10 ETB Ascended Heroes (Español),"709,00 €",False,https://www.jjcollection.es/products/pokemon-tcg-case-x10-etb-ascended-heroes-espanol
2026-08-16 23:13,Booster Bundle,JJCOLLECTION,Pokémon TCG - Booster bundle Ascended Heroes (Ingles & Español),"47,00 €",False,https://www.jjcollection.es/products/pokemon-tcg-booster-bundle-ascended-heroes-ingles-espanol
2026-08-17 03:27,Coleccion Ilustracion S3,UNSOBREMAS,COLECCIÓN ILUSTRACIÓN - PRIMER COMPAÑERO (SERIE 3) [ES],"32,95 €",False,https://unsobremas.com/products/coleccion-ilustracion-primer-companero-serie-3-es
2026-08-17 06:22,Case x10,JJCOLLECTION,Pokémon TCG - Case X10 ETB Ascended Heroes (Español),"710,00 €",False,https://www.jjcollection.es/products/pokemon-tcg-case-x10-etb-ascended-heroes-espanol
2026-08-17 08:22,Poster,TodoHits,Premium Poster Collection Ascended Heroes | POKÉMON | Inglés,"143,00 €",False,https://todohits.com/products/premium-poster-collection-ascended-heroes-pokemon-ingles
2026-08-17 08:22,Case x10,JJCOLLECTION,Pokémon TCG - Case X10 ETB Ascended Heroes (Español),"711,00 €",False,https://www.jjcollection.es/products/pokemon-tcg-case-x10-etb-ascended-heroes-espanol
2026-08-17 08:22,ETB,JJCOLLECTION,Pokémon TCG - Elite Trainer Box Ascended Heroes (Ingles & Español),"79,00 €",False,https://www.jjcollection.es/products/pokemon-tcg-elite-trainer-box-ascended-heroes-ingles
2026-08-17 09:16,Poster,TodoHits,Premium Poster Collection Ascended Heroes | POKÉMON | Inglés,"142,00 €",False,https://todohits.com/products/premium-poster-collection-ascended-heroes-pokemon-ingles
2026-08-17 09:16,Case x10,JJCOLLECTION,Pokémon TCG - Case X10 ETB Ascended Heroes (Español),"710,00 €",False,https://www.jjcollection.es/products/pokemon-tcg-case-x10-etb-ascended-heroes-espanol
2026-08-17 11:14,ETB,JJCOLLECTION,Pokémon TCG - Elite Trainer Box Ascended Heroes (Ingles & Español),"78,00 €",False,https://www.jjcollection.es/products/pokemon-tcg-elite-trainer-box-ascended-heroes-ingles
2026-08-17 18:10,Case x10,JJCOLLECTION,Pokémon TCG - Case X10 ETB Ascended Heroes (Español),"709,00 €",False,https://www.jjcollection.es/products/pokemon-tcg-case-x10-etb-ascended-heroes-espanol
2026-08-17 22:04,Poster (lucario),Flash Store,Heroes Ascendentes Premium Poster Collection Lucario,"86,90 €",True,https://flashstore.es/producto/heroes-ascendentes-premium-poster-collection-lucario/
2026-08-18 07:15,Pin Collection,TodoHits,Deluxe Pin Collection Ascended Heroes | POKÉMON | Inglés,"59,00 €",False,https://todohits.com/products/deluxe-pin-collection-ascended-heroes-pokemon-ingles
2026-08-18 08:07,Pin Collection,TodoHits,Deluxe Pin Collection Ascended Heroes | POKÉMON | Inglés,"60,00 €",False,https://todohits.com/products/deluxe-pin-collection-ascended-heroes-pokemon-ingles
2026-08-18 10:04,Coleccion Ilustracion S3,UNSOBREMAS,COLECCIÓN ILUSTRACIÓN - PRIMER COMPAÑERO (SERIE 3) [ES],"32,95 €",True,https://unsobremas.com/products/coleccion-ilustracion-primer-companero-serie-3-es
2026-08-18 12:04,Coleccion Ilustracion S3,TodoHits,[Reserva] First partner Series 3 Illustration Collection | POKÉMON | Español (Primer Compañero),"33,99 €",False,https://todohits.com/products/first-partner-series-3-illustration-collection-pokemon-espanol-primer-companero
2026-08-18 12:04,Coleccion Ilustracion S2,TodoHits,First partner Series 2 Illustration Collection | POKÉMON | Español (Primer Compañero),"34,99 €",False,https://todohits.com/products/first-partner-illustration-collection-series-2-pokemon-espanol-primer-companero
2026-08-18 12:04,Booster Bundle,TodoHits,Booster Bundle Heroes Ascendentes | POKÉMON | Español,"44,99 €",False,https://todohits.com/products/booster-bundle-heroes-ascendentes-pokemon-espanol
2026-08-18 12:04,Booster Bundle,TodoHits,Booster Bundle Ascended Heroes | POKÉMON | Inglés,"79,99 €",False,https://todohits.com/products/booster-bundle-heroes-ascendentes-pokemon-ingles
2026-08-18 12:04,Poster,TodoHits,Premium Poster Collection Ascended Heroes | POKÉMON | Inglés,"119,99 €",False,https://todohits.com/products/premium-poster-collection-ascended-heroes-pokemon-ingles
2026-08-18 12:04,Pin Collection,TodoHits,Deluxe Pin Collection Ascended Heroes | POKÉMON | Inglés,"49,99 €",False,https://todohits.com/products/deluxe-pin-collection-ascended-heroes-pokemon-ingles
2026-08-18 12:04,Coleccion Ilustracion S1,TodoHits,First partner Series 1 Illustration Collection | POKÉMON | Español (Primer Compañero),"37,99 €",False,https://todohits.com/products/reserva-first-partner-illustration-collection-series-1-pokemon-espanol
2026-08-18 12:04,Poster,TodoHits,Premium Poster Collection Heroes Ascendentes | POKÉMON | Español,"74,99 €",False,https://todohits.com/products/reserva-premium-poster-collection-heroes-ascendentes-pokemon-espanol
2026-08-18 12:04,Pin Collection,TodoHits,Deluxe Pin Collection Heroes Ascendentes | POKÉMON | Español,"37,99 €",False,https://todohits.com/products/pin-collection-deluxe-heroes-ascendentes-pokemon-espanol
2026-08-18 12:04,Mini Lata,TodoHits,Mini Lata Héroes Ascendentes | POKÉMON | Español,"16,99 €",False,https://todohits.com/products/mini-tin-heroes-ascendentes-pokemon-espanol
2026-08-18 12:04,Coleccion Pegatinas,TodoHits,Blister 2 Sobres Héroes Ascendentes | POKÉMON | Español,"16,99 €",False,https://todohits.com/products/blister-2-sobres-heroes-ascendentes-pokemon-espanol
2026-08-18 12:04,Coleccion Pegatinas,TodoHits,Tech Sticker 3 Sobres Ascended heroes | POKÉMON | Inglés,"27,99 €",False,https://todohits.com/products/tech-sticker-3-sobres-ascended-heroes-pokemon-ingles
2026-08-18 12:04,Coleccion Pegatinas,TodoHits,Blister 3 Sobres Héroes Ascendentes | POKÉMON | Español,"22,99 €",False,https://todohits.com/products/blister-3-sobres-heroes-ascendentes-pokemon-espanol
2026-08-18 12:04,ETB,TodoHits,ETB Heroes Ascendentes | Elite Trainer Box | POKÉMON | Español,"69,99 €",False,https://todohits.com/products/etb-heroes-ascendentes-elite-trainer-box-pokemon-espanol
2026-08-18 12:04,ETB,TodoHits,ETB Ascended Heroes | Elite Trainer Box | POKÉMON | Inglés,"84,99 €",False,https://todohits.com/products/etb-ascended-heroes-elite-trainer-box-pokemon-ingles
2026-08-18 12:04,Special Collection,TodoHits,30 aniversario Pokémon Day 2026 | POKÉMON | Español,"25,99 €",False,https://todohits.com/products/30-aniversario-pokemon-day-2026-pokemon-espanol
2026-08-18 12:04,Coleccion Ilustracion S2,JJCOLLECTION,Pokémon TCG - First Partners Illustration Collection - Series 2 - 30th Anniversary (Ingles & Español),"32,50 €",False,https://www.jjcollection.es/products/pokemon-tcg-first-partners-illustration-collection-series-2-30th-anniversary-ingles-espanol
2026-08-18 12:04,Coleccion Ilustracion S1,JJCOLLECTION,Pokémon TCG - First Partners Illustration Collection - Series 1 - 30th Anniversary (Ingles & Español),"32,50 €",False,https://www.jjcollection.es/products/pokemon-tcg-first-partners-illustration-collection-series-1-30th-anniversary-ingles-espanol
2026-08-18 12:04,Case x10,JJCOLLECTION,Pokémon TCG - Case X10 ETB Ascended Heroes (Español),"600,00 €",False,https://www.jjcollection.es/products/pokemon-tcg-case-x10-etb-ascended-heroes-espanol
2026-08-18 12:04,Coleccion Pegatinas,JJCOLLECTION,Pokémon TCG - Tech Sticker Collection Ascended Heroes (Español & ingles),"22,95 €",False,https://www.jjcollection.es/products/pokemon-tcg-tech-sticker-collection-ascended-heroes-espanol-ingles
2026-08-18 12:04,Coleccion Pegatinas,JJCOLLECTION,Pokémon TCG - Blister 2 Sobres Enhanced Héroes Ascendentes (Español),"14,20 €",False,https://www.jjcollection.es/products/pokemon-tcg-blister-2-sobres-enhanced-heroes-ascendentes
2026-08-18 12:04,Booster Bundle,JJCOLLECTION,Pokémon TCG - Booster bundle Ascended Heroes (Ingles & Español),"38,98 €",False,https://www.jjcollection.es/products/pokemon-tcg-booster-bundle-ascended-heroes-ingles-espanol
2026-08-18 12:04,ETB,JJCOLLECTION,Pokémon TCG - Elite Trainer Box Ascended Heroes (Ingles & Español),"65,95 €",False,https://www.jjcollection.es/products/pokemon-tcg-elite-trainer-box-ascended-heroes-ingles
2026-08-18 12:18,Coleccion Ilustracion S3,TodoHits,[Reserva] First partner Series 3 Illustration Collection | POKÉMON | Español (Primer Compañero),"41,00 €",False,https://todohits.com/products/first-partner-series-3-illustration-collection-pokemon-espanol-primer-companero
2026-08-18 12:18,Coleccion Ilustracion S2,TodoHits,First partner Series 2 Illustration Collection | POKÉMON | Español (Primer Compañero),"42,00 €",False,https://todohits.com/products/first-partner-illustration-collection-series-2-pokemon-espanol-primer-companero
2026-08-18 12:18,Booster Bundle,TodoHits,Booster Bundle Heroes Ascendentes | POKÉMON | Español,"54,00 €",False,https://todohits.com/products/booster-bundle-heroes-ascendentes-pokemon-espanol
2026-08-18 12:18,Booster Bundle,TodoHits,Booster Bundle Ascended Heroes | POKÉMON | Inglés,"95,00 €",False,https://todohits.com/products/booster-bundle-heroes-ascendentes-pokemon-ingles
2026-08-18 12:18,Poster,TodoHits,Premium Poster Collection Ascended Heroes | POKÉMON | Inglés,"142,00 €",False,https://todohits.com/products/premium-poster-collection-ascended-heroes-pokemon-ingles
2026-08-18 12:18,Pin Collection,TodoHits,Deluxe Pin Collection Ascended Heroes | POKÉMON | Inglés,"60,00 €",False,https://todohits.com/products/deluxe-pin-collection-ascended-heroes-pokemon-ingles
2026-08-18 12:18,Coleccion Ilustracion S1,TodoHits,First partner Series 1 Illustration Collection | POKÉMON | Español (Primer Compañero),"45,00 €",False,https://todohits.com/products/reserva-first-partner-illustration-collection-series-1-pokemon-espanol
2026-08-18 12:18,Poster,TodoHits,Premium Poster Collection Heroes Ascendentes | POKÉMON | Español,"89,00 €",False,https://todohits.com/products/reserva-premium-poster-collection-heroes-ascendentes-pokemon-espanol
2026-08-18 12:18,Pin Collection,TodoHits,Deluxe Pin Collection Heroes Ascendentes | POKÉMON | Español,"45,00 €",False,https://todohits.com/products/pin-collection-deluxe-heroes-ascendentes-pokemon-espanol
2026-08-18 12:18,Mini Lata,TodoHits,Mini Lata Héroes Ascendentes | POKÉMON | Español,"21,00 €",False,https://todohits.com/products/mini-tin-heroes-ascendentes-pokemon-espanol
2026-08-18 12:18,Coleccion Pegatinas,TodoHits,Blister 2 Sobres Héroes Ascendentes | POKÉMON | Español,"21,00 €",False,https://todohits.com/products/blister-2-sobres-heroes-ascendentes-pokemon-espanol
2026-08-18 12:18,Coleccion Pegatinas,TodoHits,Tech Sticker 3 Sobres Ascended heroes | POKÉMON | Inglés,"34,00 €",False,https://todohits.com/products/tech-sticker-3-sobres-ascended-heroes-pokemon-ingles
2026-08-18 12:18,Coleccion Pegatinas,TodoHits,Blister 3 Sobres Héroes Ascendentes | POKÉMON | Español,"28,00 €",False,https://todohits.com/products/blister-3-sobres-heroes-ascendentes-pokemon-espanol
2026-08-18 12:18,ETB,TodoHits,ETB Heroes Ascendentes | Elite Trainer Box | POKÉMON | Español,"83,00 €",False,https://todohits.com/products/etb-heroes-ascendentes-elite-trainer-box-pokemon-espanol
2026-08-18 12:18,ETB,TodoHits,ETB Ascended Heroes | Elite Trainer Box | POKÉMON | Inglés,"101,00 €",False,https://todohits.com/products/etb-ascended-heroes-elite-trainer-box-pokemon-ingles
2026-08-18 12:18,Special Collection,TodoHits,30 aniversario Pokémon Day 2026 | POKÉMON | Español,"31,00 €",False,https://todohits.com/products/30-aniversario-pokemon-day-2026-pokemon-espanol
2026-08-18 12:18,Coleccion Ilustracion S2,JJCOLLECTION,Pokémon TCG - First Partners Illustration Collection - Series 2 - 30th Anniversary (Ingles & Español),"39,00 €",False,https://www.jjcollection.es/products/pokemon-tcg-first-partners-illustration-collection-series-2-30th-anniversary-ingles-espanol
2026-08-18 12:18,Coleccion Ilustracion S1,JJCOLLECTION,Pokémon TCG - First Partners Illustration Collection - Series 1 - 30th Anniversary (Ingles & Español),"39,00 €",False,https://www.jjcollection.es/products/pokemon-tcg-first-partners-illustration-collection-series-1-30th-anniversary-ingles-espanol
2026-08-18 12:18,Case x10,JJCOLLECTION,Pokémon TCG - Case X10 ETB Ascended Heroes (Español),"709,00 €",False,https://www.jjcollection.es/products/pokemon-tcg-case-x10-etb-ascended-heroes-espanol
2026-08-18 12:18,Coleccion Pegatinas,JJCOLLECTION,Pokémon TCG - Tech Sticker Collection Ascended Heroes (Español & ingles),"28,00 €",False,https://www.jjcollection.es/products/pokemon-tcg-tech-sticker-collection-ascended-heroes-espanol-ingles
2026-08-18 12:18,Coleccion Pegatinas,JJCOLLECTION,Pokémon TCG - Blister 2 Sobres Enhanced Héroes Ascendentes (Español),"17,00 €",False,https://www.jjcollection.es/products/pokemon-tcg-blister-2-sobres-enhanced-heroes-ascendentes
2026-08-18 12:18,Booster Bundle,JJCOLLECTION,Pokémon TCG - Booster bundle Ascended Heroes (Ingles & Español),"47,00 €",False,https://www.jjcollection.es/products/pokemon-tcg-booster-bundle-ascended-heroes-ingles-espanol
2026-08-18 12:18,ETB,JJCOLLECTION,Pokémon TCG - Elite Trainer Box Ascended Heroes (Ingles & Español),"78,00 €",False,https://www.jjcollection.es/products/pokemon-tcg-elite-trainer-box-ascended-heroes-ingles
2026-08-19 06:18,Case x10,JJCOLLECTION,Pokémon TCG - Case X10 ETB Ascended Heroes (Español),"710,00 €",False,https://www.jjcollection.es/products/pokemon-tcg-case-x10-etb-ascended-heroes-espanol
2026-08-19 08:17,ETB,JJCOLLECTION,Pokémon TCG - Elite Trainer Box Ascended Heroes (Ingles & Español),"79,00 €",False,https://www.jjcollection.es/products/pokemon-tcg-elite-trainer-box-ascended-heroes-ingles
2026-08-19 10:14,Poster,TodoHits,Premium Poster Collection Ascended Heroes | POKÉMON | Inglés,"143,00 €",False,https://todohits.com/products/premium-poster-collection-ascended-heroes-pokemon-ingles
2026-08-19 10:14,Case x10,JJCOLLECTION,Pokémon TCG - Case X10 ETB Ascended Heroes (Español),"711,00 €",False,https://www.jjcollection.es/products/pokemon-tcg-case-x10-etb-ascended-heroes-espanol
2026-08-19 11:15,Coleccion Ilustracion S3,Metamorph Center,[ DAÑADA ] First Partner Illustration Collection Serie 3 - Español,"24,95 €",False,https://metamorphcenter.com/products/danada-first-partner-illustration-collection-serie-3-espanol
2026-08-19 13:27,Coleccion Ilustracion S1,TodoHits,First partner Series 1 Illustration Collection | POKÉMON | Español (Primer Compañero),"46,00 €",False,https://todohits.com/products/reserva-first-partner-illustration-collection-series-1-pokemon-espanol
2026-08-19 13:27,Poster,TodoHits,Premium Poster Collection Heroes Ascendentes | POKÉMON | Español,"90,00 €",False,https://todohits.com/products/reserva-premium-poster-collection-heroes-ascendentes-pokemon-espanol
2026-08-19 13:27,Pin Collection,TodoHits,Deluxe Pin Collection Heroes Ascendentes | POKÉMON | Español,"46,00 €",False,https://todohits.com/products/pin-collection-deluxe-heroes-ascendentes-pokemon-espanol
2026-08-19 13:27,ETB,TodoHits,ETB Heroes Ascendentes | Elite Trainer Box | POKÉMON | Español,"84,00 €",False,https://todohits.com/products/etb-heroes-ascendentes-elite-trainer-box-pokemon-espanol
2026-08-19 13:27,Case x10,JJCOLLECTION,Pokémon TCG - Case X10 ETB Ascended Heroes (Español),"713,00 €",False,https://www.jjcollection.es/products/pokemon-tcg-case-x10-etb-ascended-heroes-espanol
2026-08-19 14:09,Booster Bundle,TodoHits,Booster Bundle Ascended Heroes | POKÉMON | Inglés,"96,00 €",False,https://todohits.com/products/booster-bundle-heroes-ascendentes-pokemon-ingles
2026-08-19 14:09,ETB,TodoHits,ETB Ascended Heroes | Elite Trainer Box | POKÉMON | Inglés,"102,00 €",False,https://todohits.com/products/etb-ascended-heroes-elite-trainer-box-pokemon-ingles
2026-08-19 14:09,Case x10,JJCOLLECTION,Pokémon TCG - Case X10 ETB Ascended Heroes (Español),"714,00 €",False,https://www.jjcollection.es/products/pokemon-tcg-case-x10-etb-ascended-heroes-espanol
2026-08-19 17:16,Case x10,JJCOLLECTION,Pokémon TCG - Case X10 ETB Ascended Heroes (Español),"715,00 €",False,https://www.jjcollection.es/products/pokemon-tcg-case-x10-etb-ascended-heroes-espanol
2026-08-19 17:57,Coleccion Ilustracion S3,TodoHits,First partner Series 3 Illustration Collection | POKÉMON | Español (Primer Compañero),"33,99 €",False,https://todohits.com/products/first-partner-series-3-illustration-collection-pokemon-espanol-primer-companero
2026-08-19 17:57,Coleccion Ilustracion S2,TodoHits,First partner Series 2 Illustration Collection | POKÉMON | Español (Primer Compañero),"34,99 €",False,https://todohits.com/products/first-partner-illustration-collection-series-2-pokemon-espanol-primer-companero
2026-08-19 17:57,Booster Bundle,TodoHits,Booster Bundle Heroes Ascendentes | POKÉMON | Español,"44,99 €",False,https://todohits.com/products/booster-bundle-heroes-ascendentes-pokemon-espanol
2026-08-19 17:57,Booster Bundle,TodoHits,Booster Bundle Ascended Heroes | POKÉMON | Inglés,"79,99 €",False,https://todohits.com/products/booster-bundle-heroes-ascendentes-pokemon-ingles
2026-08-19 17:57,Poster,TodoHits,Premium Poster Collection Ascended Heroes | POKÉMON | Inglés,"119,99 €",False,https://todohits.com/products/premium-poster-collection-ascended-heroes-pokemon-ingles
2026-08-19 17:57,Pin Collection,TodoHits,Deluxe Pin Collection Ascended Heroes | POKÉMON | Inglés,"49,99 €",False,https://todohits.com/products/deluxe-pin-collection-ascended-heroes-pokemon-ingles
2026-08-19 17:57,Coleccion Ilustracion S1,TodoHits,First partner Series 1 Illustration Collection | POKÉMON | Español (Primer Compañero),"37,99 €",False,https://todohits.com/products/reserva-first-partner-illustration-collection-series-1-pokemon-espanol
2026-08-19 17:57,Poster,TodoHits,Premium Poster Collection Heroes Ascendentes | POKÉMON | Español,"74,99 €",False,https://todohits.com/products/reserva-premium-poster-collection-heroes-ascendentes-pokemon-espanol
2026-08-19 17:57,Pin Collection,TodoHits,Deluxe Pin Collection Heroes Ascendentes | POKÉMON | Español,"37,99 €",False,https://todohits.com/products/pin-collection-deluxe-heroes-ascendentes-pokemon-espanol
2026-08-19 17:57,Mini Lata,TodoHits,Mini Lata Héroes Ascendentes | POKÉMON | Español,"16,99 €",False,https://todohits.com/products/mini-tin-heroes-ascendentes-pokemon-espanol
2026-08-19 17:57,Coleccion Pegatinas,TodoHits,Blister 2 Sobres Héroes Ascendentes | POKÉMON | Español,"16,99 €",False,https://todohits.com/products/blister-2-sobres-heroes-ascendentes-pokemon-espanol
2026-08-19 17:57,Coleccion Pegatinas,TodoHits,Tech Sticker 3 Sobres Ascended heroes | POKÉMON | Inglés,"27,99 €",False,https://todohits.com/products/tech-sticker-3-sobres-ascended-heroes-pokemon-ingles
2026-08-19 17:57,Coleccion Pegatinas,TodoHits,Blister 3 Sobres Héroes Ascendentes | POKÉMON | Español,"22,99 €",False,https://todohits.com/products/blister-3-sobres-heroes-ascendentes-pokemon-espanol
2026-08-19 17:57,ETB,TodoHits,ETB Heroes Ascendentes | Elite Trainer Box | POKÉMON | Español,"69,99 €",False,https://todohits.com/products/etb-heroes-ascendentes-elite-trainer-box-pokemon-espanol
2026-08-19 17:57,ETB,TodoHits,ETB Ascended Heroes | Elite Trainer Box | POKÉMON | Inglés,"84,99 €",False,https://todohits.com/products/etb-ascended-heroes-elite-trainer-box-pokemon-ingles
2026-08-19 17:57,Special Collection,TodoHits,30 aniversario Pokémon Day 2026 | POKÉMON | Español,"25,99 €",False,https://todohits.com/products/30-aniversario-pokemon-day-2026-pokemon-espanol
2026-08-19 17:57,Coleccion Ilustracion S2,JJCOLLECTION,Pokémon TCG - First Partners Illustration Collection - Series 2 - 30th Anniversary (Ingles & Español),"32,50 €",False,https://www.jjcollection.es/products/pokemon-tcg-first-partners-illustration-collection-series-2-30th-anniversary-ingles-espanol
2026-08-19 17:57,Coleccion Ilustracion S1,JJCOLLECTION,Pokémon TCG - First Partners Illustration Collection - Series 1 - 30th Anniversary (Ingles & Español),"32,50 €",False,https://www.jjcollection.es/products/pokemon-tcg-first-partners-illustration-collection-series-1-30th-anniversary-ingles-espanol
2026-08-19 17:57,Case x10,JJCOLLECTION,Pokémon TCG - Case X10 ETB Ascended Heroes (Español),"600,00 €",False,https://www.jjcollection.es/products/pokemon-tcg-case-x10-etb-ascended-heroes-espanol
2026-08-19 17:57,Coleccion Pegatinas,JJCOLLECTION,Pokémon TCG - Tech Sticker Collection Ascended Heroes (Español & ingles),"22,95 €",False,https://www.jjcollection.es/products/pokemon-tcg-tech-sticker-collection-ascended-heroes-espanol-ingles
2026-08-19 17:57,Coleccion Pegatinas,JJCOLLECTION,Pokémon TCG - Blister 2 Sobres Enhanced Héroes Ascendentes (Español),"14,20 €",False,https://www.jjcollection.es/products/pokemon-tcg-blister-2-sobres-enhanced-heroes-ascendentes
2026-08-19 17:57,Booster Bundle,JJCOLLECTION,Pokémon TCG - Booster bundle Ascended Heroes (Ingles & Español),"38,98 €",False,https://www.jjcollection.es/products/pokemon-tcg-booster-bundle-ascended-heroes-ingles-espanol
2026-08-19 17:57,ETB,JJCOLLECTION,Pokémon TCG - Elite Trainer Box Ascended Heroes (Ingles & Español),"65,95 €",False,https://www.jjcollection.es/products/pokemon-tcg-elite-trainer-box-ascended-heroes-ingles
2026-08-19 18:14,Coleccion Ilustracion S3,TodoHits,First partner Series 3 Illustration Collection | POKÉMON | Español (Primer Compañero),"41,00 €",False,https://todohits.com/products/first-partner-series-3-illustration-collection-pokemon-espanol-primer-companero
2026-08-19 18:14,Coleccion Ilustracion S2,TodoHits,First partner Series 2 Illustration Collection | POKÉMON | Español (Primer Compañero),"42,00 €",False,https://todohits.com/products/first-partner-illustration-collection-series-2-pokemon-espanol-primer-companero
2026-08-19 18:14,Booster Bundle,TodoHits,Booster Bundle Heroes Ascendentes | POKÉMON | Español,"54,00 €",False,https://todohits.com/products/booster-bundle-heroes-ascendentes-pokemon-espanol
2026-08-19 18:14,Booster Bundle,TodoHits,Booster Bundle Ascended Heroes | POKÉMON | Inglés,"96,00 €",False,https://todohits.com/products/booster-bundle-heroes-ascendentes-pokemon-ingles
2026-08-19 18:14,Poster,TodoHits,Premium Poster Collection Ascended Heroes | POKÉMON | Inglés,"143,00 €",False,https://todohits.com/products/premium-poster-collection-ascended-heroes-pokemon-ingles
2026-08-19 18:14,Pin Collection,TodoHits,Deluxe Pin Collection Ascended Heroes | POKÉMON | Inglés,"60,00 €",False,https://todohits.com/products/deluxe-pin-collection-ascended-heroes-pokemon-ingles
2026-08-19 18:14,Coleccion Ilustracion S1,TodoHits,First partner Series 1 Illustration Collection | POKÉMON | Español (Primer Compañero),"46,00 €",False,https://todohits.com/products/reserva-first-partner-illustration-collection-series-1-pokemon-espanol
2026-08-19 18:14,Poster,TodoHits,Premium Poster Collection Heroes Ascendentes | POKÉMON | Español,"90,00 €",False,https://todohits.com/products/reserva-premium-poster-collection-heroes-ascendentes-pokemon-espanol
2026-08-19 18:14,Pin Collection,TodoHits,Deluxe Pin Collection Heroes Ascendentes | POKÉMON | Español,"46,00 €",False,https://todohits.com/products/pin-collection-deluxe-heroes-ascendentes-pokemon-espanol
2026-08-19 18:14,Mini Lata,TodoHits,Mini Lata Héroes Ascendentes | POKÉMON | Español,"21,00 €",False,https://todohits.com/products/mini-tin-heroes-ascendentes-pokemon-espanol
2026-08-19 18:14,Coleccion Pegatinas,TodoHits,Blister 2 Sobres Héroes Ascendentes | POKÉMON | Español,"21,00 €",False,https://todohits.com/products/blister-2-sobres-heroes-ascendentes-pokemon-espanol
2026-08-19 18:14,Coleccion Pegatinas,TodoHits,Tech Sticker 3 Sobres Ascended heroes | POKÉMON | Inglés,"34,00 €",False,https://todohits.com/products/tech-sticker-3-sobres-ascended-heroes-pokemon-ingles
2026-08-19 18:14,Coleccion Pegatinas,TodoHits,Blister 3 Sobres Héroes Ascendentes | POKÉMON | Español,"28,00 €",False,https://todohits.com/products/blister-3-sobres-heroes-ascendentes-pokemon-espanol
2026-08-19 18:14,ETB,TodoHits,ETB Heroes Ascendentes | Elite Trainer Box | POKÉMON | Español,"84,00 €",False,https://todohits.com/products/etb-heroes-ascendentes-elite-trainer-box-pokemon-espanol
2026-08-19 18:14,ETB,TodoHits,ETB Ascended Heroes | Elite Trainer Box | POKÉMON | Inglés,"102,00 €",False,https://todohits.com/products/etb-ascended-heroes-elite-trainer-box-pokemon-ingles
2026-08-19 18:14,Special Collection,TodoHits,30 aniversario Pokémon Day 2026 | POKÉMON | Español,"31,00 €",False,https://todohits.com/products/30-aniversario-pokemon-day-2026-pokemon-espanol
2026-08-19 18:14,Coleccion Ilustracion S2,JJCOLLECTION,Pokémon TCG - First Partners Illustration Collection - Series 2 - 30th Anniversary (Ingles & Español),"39,00 €",False,https://www.jjcollection.es/products/pokemon-tcg-first-partners-illustration-collection-series-2-30th-anniversary-ingles-espanol
2026-08-19 18:14,Coleccion Ilustracion S1,JJCOLLECTION,Pokémon TCG - First Partners Illustration Collection - Series 1 - 30th Anniversary (Ingles & Español),"39,00 €",False,https://www.jjcollection.es/products/pokemon-tcg-first-partners-illustration-collection-series-1-30th-anniversary-ingles-espanol
2026-08-19 18:14,Case x10,JJCOLLECTION,Pokémon TCG - Case X10 ETB Ascended Heroes (Español),"714,00 €",False,https://www.jjcollection.es/products/pokemon-tcg-case-x10-etb-ascended-heroes-espanol
2026-08-19 18:14,Coleccion Pegatinas,JJCOLLECTION,Pokémon TCG - Tech Sticker Collection Ascended Heroes (Español & ingles),"28,00 €",False,https://www.jjcollection.es/products/pokemon-tcg-tech-sticker-collection-ascended-heroes-espanol-ingles
2026-08-19 18:14,Coleccion Pegatinas,JJCOLLECTION,Pokémon TCG - Blister 2 Sobres Enhanced Héroes Ascendentes (Español),"17,00 €",False,https://www.jjcollection.es/products/pokemon-tcg-blister-2-sobres-enhanced-heroes-ascendentes
2026-08-19 18:14,Booster Bundle,JJCOLLECTION,Pokémon TCG - Booster bundle Ascended Heroes (Ingles & Español),"47,00 €",False,https://www.jjcollection.es/products/pokemon-tcg-booster-bundle-ascended-heroes-ingles-espanol
2026-08-19 18:14,ETB,JJCOLLECTION,Pokémon TCG - Elite Trainer Box Ascended Heroes (Ingles & Español),"79,00 €",False,https://www.jjcollection.es/products/pokemon-tcg-elite-trainer-box-ascended-heroes-ingles
2026-08-19 19:07,Case x10,JJCOLLECTION,Pokémon TCG - Case X10 ETB Ascended Heroes (Español),"715,00 €",False,https://www.jjcollection.es/products/pokemon-tcg-case-x10-etb-ascended-heroes-espanol
2026-08-20 00:46,Coleccion Ilustracion S3,Sunny Store,FIRST PARTNER ILLUSTRATION COLLECTION SERIE 3 (ESPAÑOL) - PRIMER COMPAÑERO,"29,90 €",False,https://sunnystore.es/products/first-partner-illustration-collection-serie-3-espanol-primer-companero
2026-08-20 07:28,Poster,TodoHits,Premium Poster Collection Ascended Heroes | POKÉMON | Inglés,"144,00 €",False,https://todohits.com/products/premium-poster-collection-ascended-heroes-pokemon-ingles
2026-08-20 07:28,Case x10,JJCOLLECTION,Pokémon TCG - Case X10 ETB Ascended Heroes (Español),"716,00 €",False,https://www.jjcollection.es/products/pokemon-tcg-case-x10-etb-ascended-heroes-espanol
2026-08-20 09:09,Special Collection,TodoHits,30 aniversario Pokémon Day 2026 | POKÉMON | Español,"32,00 €",False,https://todohits.com/products/30-aniversario-pokemon-day-2026-pokemon-espanol
2026-08-20 10:19,Case x10,JJCOLLECTION,Pokémon TCG - Case X10 ETB Ascended Heroes (Español),"717,00 €",False,https://www.jjcollection.es/products/pokemon-tcg-case-x10-etb-ascended-heroes-espanol
2026-08-20 10:39,Coleccion Ilustracion S3,Sunny Store,FIRST PARTNER ILLUSTRATION COLLECTION SERIE 3 (ESPAÑOL) - PRIMER COMPAÑERO,"29,90 €",True,https://sunnystore.es/products/first-partner-illustration-collection-serie-3-espanol-primer-companero
2026-08-20 11:14,Case x10,JJCOLLECTION,Pokémon TCG - Case X10 ETB Ascended Heroes (Español),"716,00 €",False,https://www.jjcollection.es/products/pokemon-tcg-case-x10-etb-ascended-heroes-espanol
2026-08-20 11:29,Coleccion Ilustracion S3,Metamorph Center,First Partner Illustration Collection Serie 3 - Español,"32,95 €",True,https://metamorphcenter.com/products/first-partner-illustration-collection-series-3-espanol
2026-08-20 11:29,Coleccion Ilustracion S3,Metamorph Center,[ DAÑADA ] First Partner Illustration Collection Serie 3 - Español,"24,95 €",True,https://metamorphcenter.com/products/danada-first-partner-illustration-collection-serie-3-espanol
2026-08-20 11:46,Coleccion Ilustracion S3,Metamorph Center,[ DAÑADA ] First Partner Illustration Collection Serie 3 - Español,"24,95 €",False,https://metamorphcenter.com/products/danada-first-partner-illustration-collection-serie-3-espanol
2026-08-20 12:17,Special Collection,TodoHits,30 aniversario Pokémon Day 2026 | POKÉMON | Español,"31,00 €",False,https://todohits.com/products/30-aniversario-pokemon-day-2026-pokemon-espanol
2026-08-20 14:15,Poster,TodoHits,Premium Poster Collection Ascended Heroes | POKÉMON | Inglés,"143,00 €",False,https://todohits.com/products/premium-poster-collection-ascended-heroes-pokemon-ingles
2026-08-20 14:15,Case x10,JJCOLLECTION,Pokémon TCG - Case X10 ETB Ascended Heroes (Español),"715,00 €",False,https://www.jjcollection.es/products/pokemon-tcg-case-x10-etb-ascended-heroes-espanol
2026-08-20 15:08,Case x10,JJCOLLECTION,Pokémon TCG - Case X10 ETB Ascended Heroes (Español),"716,00 €",False,https://www.jjcollection.es/products/pokemon-tcg-case-x10-etb-ascended-heroes-espanol
2026-08-20 16:05,Coleccion Ilustracion S3,TCG Level,First Partner Illustration Collections Series 3 Español,"31,90 €",False,https://tcglevel.com/products/first-partner-illustration-collections-series-3-espanol
2026-08-20 16:19,Case x10,JJCOLLECTION,Pokémon TCG - Case X10 ETB Ascended Heroes (Español),"715,00 €",False,https://www.jjcollection.es/products/pokemon-tcg-case-x10-etb-ascended-heroes-espanol
2026-08-20 17:15,Coleccion Pegatinas,Toy Planet,Pokémon TCG Héroes Ascendentes Blíster Surtido,"29,99 €",False,https://www.toyplanet.com/products/pokemon-tcg-heroes-ascendentes-blister-surtido
2026-08-20 23:15,Case x10,JJCOLLECTION,Pokémon TCG - Case X10 ETB Ascended Heroes (Español),"716,00 €",False,https://www.jjcollection.es/products/pokemon-tcg-case-x10-etb-ascended-heroes-espanol
2026-08-21 00:25,Poster,TodoHits,Premium Poster Collection Ascended Heroes | POKÉMON | Inglés,"144,00 €",False,https://todohits.com/products/premium-poster-collection-ascended-heroes-pokemon-ingles
2026-08-21 01:25,Poster,TodoHits,Premium Poster Collection Ascended Heroes | POKÉMON | Inglés,"143,00 €",False,https://todohits.com/products/premium-poster-collection-ascended-heroes-pokemon-ingles
2026-08-21 02:37,Poster,TodoHits,Premium Poster Collection Ascended Heroes | POKÉMON | Inglés,"144,00 €",False,https://todohits.com/products/premium-poster-collection-ascended-heroes-pokemon-ingles
2026-08-21 03:09,Special Collection,TodoHits,30 aniversario Pokémon Day 2026 | POKÉMON | Español,"32,00 €",False,https://todohits.com/products/30-aniversario-pokemon-day-2026-pokemon-espanol
2026-08-21 04:21,Special Collection,TodoHits,30 aniversario Pokémon Day 2026 | POKÉMON | Español,"31,00 €",False,https://todohits.com/products/30-aniversario-pokemon-day-2026-pokemon-espanol
2026-08-21 06:19,Special Collection,TodoHits,30 aniversario Pokémon Day 2026 | POKÉMON | Español,"32,00 €",False,https://todohits.com/products/30-aniversario-pokemon-day-2026-pokemon-espanol
2026-08-21 08:10,Special Collection,TodoHits,30 aniversario Pokémon Day 2026 | POKÉMON | Español,"31,00 €",False,https://todohits.com/products/30-aniversario-pokemon-day-2026-pokemon-espanol
2026-08-21 09:11,Special Collection,TodoHits,30 aniversario Pokémon Day 2026 | POKÉMON | Español,"32,00 €",False,https://todohits.com/products/30-aniversario-pokemon-day-2026-pokemon-espanol
2026-08-21 09:11,Case x10,JJCOLLECTION,Pokémon TCG - Case X10 ETB Ascended Heroes (Español),"717,00 €",False,https://www.jjcollection.es/products/pokemon-tcg-case-x10-etb-ascended-heroes-espanol
2026-08-21 11:46,Coleccion Ilustracion S3,TCG Level,First Partner Illustration Collections Series 3 Español,"31,90 €",True,https://tcglevel.com/products/first-partner-illustration-collections-series-3-espanol
2026-08-21 12:17,Case x10,JJCOLLECTION,Pokémon TCG - Case X10 ETB Ascended Heroes (Español),"716,00 €",False,https://www.jjcollection.es/products/pokemon-tcg-case-x10-etb-ascended-heroes-espanol
2026-08-21 13:07,Special Collection,TodoHits,30 aniversario Pokémon Day 2026 | POKÉMON | Español,"31,00 €",False,https://todohits.com/products/30-aniversario-pokemon-day-2026-pokemon-espanol
2026-08-21 13:33,Coleccion Ilustracion S3,Flash Store,First Partner Illustration Collection Series 3,"33,90 €",True,https://flashstore.es/producto/first-partner-illustration-collection-series-3/
2026-08-21 14:13,Poster,TodoHits,Premium Poster Collection Ascended Heroes | POKÉMON | Inglés,"143,00 €",False,https://todohits.com/products/premium-poster-collection-ascended-heroes-pokemon-ingles
2026-08-21 15:07,Case x10,JJCOLLECTION,Pokémon TCG - Case X10 ETB Ascended Heroes (Español),"715,00 €",False,https://www.jjcollection.es/products/pokemon-tcg-case-x10-etb-ascended-heroes-espanol
2026-08-21 15:27,Coleccion Ilustracion S1,Flash Store,First Partner Illustration Collection Series 1,"39,90 €",True,https://flashstore.es/producto/first-partner-illustration-collection-series-1/
2026-08-21 16:17,Case x10,JJCOLLECTION,Pokémon TCG - Case X10 ETB Ascended Heroes (Español),"716,00 €",False,https://www.jjcollection.es/products/pokemon-tcg-case-x10-etb-ascended-heroes-espanol
2026-08-21 17:16,Case x10,JJCOLLECTION,Pokémon TCG - Case X10 ETB Ascended Heroes (Español),"715,00 €",False,https://www.jjcollection.es/products/pokemon-tcg-case-x10-etb-ascended-heroes-espanol
2026-08-21 17:48,Coleccion Ilustracion S3,TCG Level,First Partner Illustration Collections Series 3 Español,"31,90 €",False,https://tcglevel.com/products/first-partner-illustration-collections-series-3-espanol
2026-08-22 04:48,Coleccion Ilustracion S3,TodoHits,First partner Series 3 Illustration Collection | POKÉMON | Español (Primer Compañero),"33,99 €",False,https://todohits.com/products/first-partner-series-3-illustration-collection-pokemon-espanol-primer-companero
2026-08-22 04:48,Coleccion Ilustracion S2,TodoHits,First partner Series 2 Illustration Collection | POKÉMON | Español (Primer Compañero),"34,99 €",False,https://todohits.com/products/first-partner-illustration-collection-series-2-pokemon-espanol-primer-companero
2026-08-22 04:48,Booster Bundle,TodoHits,Booster Bundle Heroes Ascendentes | POKÉMON | Español,"44,99 €",False,https://todohits.com/products/booster-bundle-heroes-ascendentes-pokemon-espanol
2026-08-22 04:48,Booster Bundle,TodoHits,Booster Bundle Ascended Heroes | POKÉMON | Inglés,"79,99 €",False,https://todohits.com/products/booster-bundle-heroes-ascendentes-pokemon-ingles
2026-08-22 04:48,Poster,TodoHits,Premium Poster Collection Ascended Heroes | POKÉMON | Inglés,"119,99 €",False,https://todohits.com/products/premium-poster-collection-ascended-heroes-pokemon-ingles
2026-08-22 04:48,Pin Collection,TodoHits,Deluxe Pin Collection Ascended Heroes | POKÉMON | Inglés,"49,99 €",False,https://todohits.com/products/deluxe-pin-collection-ascended-heroes-pokemon-ingles
2026-08-22 04:48,Coleccion Ilustracion S1,TodoHits,First partner Series 1 Illustration Collection | POKÉMON | Español (Primer Compañero),"37,99 €",False,https://todohits.com/products/reserva-first-partner-illustration-collection-series-1-pokemon-espanol
2026-08-22 04:48,Poster,TodoHits,Premium Poster Collection Heroes Ascendentes | POKÉMON | Español,"74,99 €",False,https://todohits.com/products/reserva-premium-poster-collection-heroes-ascendentes-pokemon-espanol
2026-08-22 04:48,Pin Collection,TodoHits,Deluxe Pin Collection Heroes Ascendentes | POKÉMON | Español,"37,99 €",False,https://todohits.com/products/pin-collection-deluxe-heroes-ascendentes-pokemon-espanol
2026-08-22 04:48,Mini Lata,TodoHits,Mini Lata Héroes Ascendentes | POKÉMON | Español,"16,99 €",False,https://todohits.com/products/mini-tin-heroes-ascendentes-pokemon-espanol
2026-08-22 04:48,Coleccion Pegatinas,TodoHits,Blister 2 Sobres Héroes Ascendentes | POKÉMON | Español,"16,99 €",False,https://todohits.com/products/blister-2-sobres-heroes-ascendentes-pokemon-espanol
2026-08-22 04:48,Coleccion Pegatinas,TodoHits,Tech Sticker 3 Sobres Ascended heroes | POKÉMON | Inglés,"27,99 €",False,https://todohits.com/products/tech-sticker-3-sobres-ascended-heroes-pokemon-ingles
2026-08-22 04:48,Coleccion Pegatinas,TodoHits,Blister 3 Sobres Héroes Ascendentes | POKÉMON | Español,"22,99 €",False,https://todohits.com/products/blister-3-sobres-heroes-ascendentes-pokemon-espanol
2026-08-22 04:48,ETB,TodoHits,ETB Heroes Ascendentes | Elite Trainer Box | POKÉMON | Español,"69,99 €",False,https://todohits.com/products/etb-heroes-ascendentes-elite-trainer-box-pokemon-espanol
2026-08-22 04:48,ETB,TodoHits,ETB Ascended Heroes | Elite Trainer Box | POKÉMON | Inglés,"84,99 €",False,https://todohits.com/products/etb-ascended-heroes-elite-trainer-box-pokemon-ingles
2026-08-22 04:48,Special Collection,TodoHits,30 aniversario Pokémon Day 2026 | POKÉMON | Español,"25,99 €",False,https://todohits.com/products/30-aniversario-pokemon-day-2026-pokemon-espanol
2026-08-22 04:48,Coleccion Ilustracion S2,JJCOLLECTION,Pokémon TCG - First Partners Illustration Collection - Series 2 - 30th Anniversary (Ingles & Español),"32,50 €",False,https://www.jjcollection.es/products/pokemon-tcg-first-partners-illustration-collection-series-2-30th-anniversary-ingles-espanol
2026-08-22 04:48,Coleccion Ilustracion S1,JJCOLLECTION,Pokémon TCG - First Partners Illustration Collection - Series 1 - 30th Anniversary (Ingles & Español),"32,50 €",False,https://www.jjcollection.es/products/pokemon-tcg-first-partners-illustration-collection-series-1-30th-anniversary-ingles-espanol
2026-08-22 04:48,Case x10,JJCOLLECTION,Pokémon TCG - Case X10 ETB Ascended Heroes (Español),"600,00 €",False,https://www.jjcollection.es/products/pokemon-tcg-case-x10-etb-ascended-heroes-espanol
2026-08-22 04:48,Coleccion Pegatinas,JJCOLLECTION,Pokémon TCG - Tech Sticker Collection Ascended Heroes (Español & ingles),"22,95 €",False,https://www.jjcollection.es/products/pokemon-tcg-tech-sticker-collection-ascended-heroes-espanol-ingles
2026-08-22 04:48,Coleccion Pegatinas,JJCOLLECTION,Pokémon TCG - Blister 2 Sobres Enhanced Héroes Ascendentes (Español),"14,20 €",False,https://www.jjcollection.es/products/pokemon-tcg-blister-2-sobres-enhanced-heroes-ascendentes
2026-08-22 04:48,Booster Bundle,JJCOLLECTION,Pokémon TCG - Booster bundle Ascended Heroes (Ingles & Español),"38,98 €",False,https://www.jjcollection.es/products/pokemon-tcg-booster-bundle-ascended-heroes-ingles-espanol
2026-08-22 04:48,ETB,JJCOLLECTION,Pokémon TCG - Elite Trainer Box Ascended Heroes (Ingles & Español),"65,95 €",False,https://www.jjcollection.es/products/pokemon-tcg-elite-trainer-box-ascended-heroes-ingles
2026-08-22 05:04,Coleccion Ilustracion S3,TodoHits,First partner Series 3 Illustration Collection | POKÉMON | Español (Primer Compañero),"41,00 €",False,https://todohits.com/products/first-partner-series-3-illustration-collection-pokemon-espanol-primer-companero
2026-08-22 05:04,Coleccion Ilustracion S2,TodoHits,First partner Series 2 Illustration Collection | POKÉMON | Español (Primer Compañero),"42,00 €",False,https://todohits.com/products/first-partner-illustration-collection-series-2-pokemon-espanol-primer-companero
2026-08-22 05:04,Booster Bundle,TodoHits,Booster Bundle Heroes Ascendentes | POKÉMON | Español,"54,00 €",False,https://todohits.com/products/booster-bundle-heroes-ascendentes-pokemon-espanol
2026-08-22 05:04,Booster Bundle,TodoHits,Booster Bundle Ascended Heroes | POKÉMON | Inglés,"96,00 €",False,https://todohits.com/products/booster-bundle-heroes-ascendentes-pokemon-ingles
2026-08-22 05:04,Poster,TodoHits,Premium Poster Collection Ascended Heroes | POKÉMON | Inglés,"143,00 €",False,https://todohits.com/products/premium-poster-collection-ascended-heroes-pokemon-ingles
2026-08-22 05:04,Pin Collection,TodoHits,Deluxe Pin Collection Ascended Heroes | POKÉMON | Inglés,"60,00 €",False,https://todohits.com/products/deluxe-pin-collection-ascended-heroes-pokemon-ingles
2026-08-22 05:04,Coleccion Ilustracion S1,TodoHits,First partner Series 1 Illustration Collection | POKÉMON | Español (Primer Compañero),"46,00 €",False,https://todohits.com/products/reserva-first-partner-illustration-collection-series-1-pokemon-espanol
2026-08-22 05:04,Poster,TodoHits,Premium Poster Collection Heroes Ascendentes | POKÉMON | Español,"90,00 €",False,https://todohits.com/products/reserva-premium-poster-collection-heroes-ascendentes-pokemon-espanol
2026-08-22 05:04,Pin Collection,TodoHits,Deluxe Pin Collection Heroes Ascendentes | POKÉMON | Español,"46,00 €",False,https://todohits.com/products/pin-collection-deluxe-heroes-ascendentes-pokemon-espanol
2026-08-22 05:04,Mini Lata,TodoHits,Mini Lata Héroes Ascendentes | POKÉMON | Español,"21,00 €",False,https://todohits.com/products/mini-tin-heroes-ascendentes-pokemon-espanol
2026-08-22 05:04,Coleccion Pegatinas,TodoHits,Blister 2 Sobres Héroes Ascendentes | POKÉMON | Español,"21,00 €",False,https://todohits.com/products/blister-2-sobres-heroes-ascendentes-pokemon-espanol
2026-08-22 05:04,Coleccion Pegatinas,TodoHits,Tech Sticker 3 Sobres Ascended heroes | POKÉMON | Inglés,"34,00 €",False,https://todohits.com/products/tech-sticker-3-sobres-ascended-heroes-pokemon-ingles
2026-08-22 05:04,Coleccion Pegatinas,TodoHits,Blister 3 Sobres Héroes Ascendentes | POKÉMON | Español,"28,00 €",False,https://todohits.com/products/blister-3-sobres-heroes-ascendentes-pokemon-espanol
2026-08-22 05:04,ETB,TodoHits,ETB Heroes Ascendentes | Elite Trainer Box | POKÉMON | Español,"84,00 €",False,https://todohits.com/products/etb-heroes-ascendentes-elite-trainer-box-pokemon-espanol
2026-08-22 05:04,ETB,TodoHits,ETB Ascended Heroes | Elite Trainer Box | POKÉMON | Inglés,"102,00 €",False,https://todohits.com/products/etb-ascended-heroes-elite-trainer-box-pokemon-ingles
2026-08-22 05:04,Special Collection,TodoHits,30 aniversario Pokémon Day 2026 | POKÉMON | Español,"31,00 €",False,https://todohits.com/products/30-aniversario-pokemon-day-2026-pokemon-espanol
2026-08-22 05:04,Coleccion Ilustracion S2,JJCOLLECTION,Pokémon TCG - First Partners Illustration Collection - Series 2 - 30th Anniversary (Ingles & Español),"39,00 €",False,https://www.jjcollection.es/products/pokemon-tcg-first-partners-illustration-collection-series-2-30th-anniversary-ingles-espanol
2026-08-22 05:04,Coleccion Ilustracion S1,JJCOLLECTION,Pokémon TCG - First Partners Illustration Collection - Series 1 - 30th Anniversary (Ingles & Español),"39,00 €",False,https://www.jjcollection.es/products/pokemon-tcg-first-partners-illustration-collection-series-1-30th-anniversary-ingles-espanol
2026-08-22 05:04,Case x10,JJCOLLECTION,Pokémon TCG - Case X10 ETB Ascended Heroes (Español),"715,00 €",False,https://www.jjcollection.es/products/pokemon-tcg-case-x10-etb-ascended-heroes-espanol
2026-08-22 05:04,Coleccion Pegatinas,JJCOLLECTION,Pokémon TCG - Tech Sticker Collection Ascended Heroes (Español & ingles),"28,00 €",False,https://www.jjcollection.es/products/pokemon-tcg-tech-sticker-collection-ascended-heroes-espanol-ingles
2026-08-22 05:04,Coleccion Pegatinas,JJCOLLECTION,Pokémon TCG - Blister 2 Sobres Enhanced Héroes Ascendentes (Español),"17,00 €",False,https://www.jjcollection.es/products/pokemon-tcg-blister-2-sobres-enhanced-heroes-ascendentes
2026-08-22 05:04,Booster Bundle,JJCOLLECTION,Pokémon TCG - Booster bundle Ascended Heroes (Ingles & Español),"47,00 €",False,https://www.jjcollection.es/products/pokemon-tcg-booster-bundle-ascended-heroes-ingles-espanol
2026-08-22 05:04,ETB,JJCOLLECTION,Pokémon TCG - Elite Trainer Box Ascended Heroes (Ingles & Español),"79,00 €",False,https://www.jjcollection.es/products/pokemon-tcg-elite-trainer-box-ascended-heroes-ingles
2026-08-22 08:30,Coleccion Pegatinas,TodoHits,Blister 3 Sobres Héroes Ascendentes | POKÉMON | Español,"30,00 €",False,https://todohits.com/products/blister-3-sobres-heroes-ascendentes-pokemon-espanol
2026-08-22 17:38,ETB,Factory Cards TCG,Heroes Ascendentes Elite Trainer Box - ETB,"100,00 €",False,https://factorycardstcg.com/products/reserva-heroes-ascendentes-elite-trainer-box-etb-espanol
2026-08-23 01:40,Coleccion Ilustracion S3,TodoHits,First partner Series 3 Illustration Collection | POKÉMON | Español (Primer Compañero),"33,99 €",False,https://todohits.com/products/first-partner-series-3-illustration-collection-pokemon-espanol-primer-companero
2026-08-23 01:40,Coleccion Ilustracion S2,TodoHits,First partner Series 2 Illustration Collection | POKÉMON | Español (Primer Compañero),"34,99 €",False,https://todohits.com/products/first-partner-illustration-collection-series-2-pokemon-espanol-primer-companero
2026-08-23 01:40,Booster Bundle,TodoHits,Booster Bundle Heroes Ascendentes | POKÉMON | Español,"44,99 €",False,https://todohits.com/products/booster-bundle-heroes-ascendentes-pokemon-espanol
2026-08-23 01:40,Booster Bundle,TodoHits,Booster Bundle Ascended Heroes | POKÉMON | Inglés,"79,99 €",False,https://todohits.com/products/booster-bundle-heroes-ascendentes-pokemon-ingles
2026-08-23 01:40,Poster,TodoHits,Premium Poster Collection Ascended Heroes | POKÉMON | Inglés,"119,99 €",False,https://todohits.com/products/premium-poster-collection-ascended-heroes-pokemon-ingles
2026-08-23 01:40,Pin Collection,TodoHits,Deluxe Pin Collection Ascended Heroes | POKÉMON | Inglés,"49,99 €",False,https://todohits.com/products/deluxe-pin-collection-ascended-heroes-pokemon-ingles
2026-08-23 01:40,Coleccion Ilustracion S1,TodoHits,First partner Series 1 Illustration Collection | POKÉMON | Español (Primer Compañero),"37,99 €",False,https://todohits.com/products/reserva-first-partner-illustration-collection-series-1-pokemon-espanol
2026-08-23 01:40,Poster,TodoHits,Premium Poster Collection Heroes Ascendentes | POKÉMON | Español,"74,99 €",False,https://todohits.com/products/reserva-premium-poster-collection-heroes-ascendentes-pokemon-espanol
2026-08-23 01:40,Pin Collection,TodoHits,Deluxe Pin Collection Heroes Ascendentes | POKÉMON | Español,"37,99 €",False,https://todohits.com/products/pin-collection-deluxe-heroes-ascendentes-pokemon-espanol
2026-08-23 01:40,Mini Lata,TodoHits,Mini Lata Héroes Ascendentes | POKÉMON | Español,"16,99 €",False,https://todohits.com/products/mini-tin-heroes-ascendentes-pokemon-espanol
2026-08-23 01:40,Coleccion Pegatinas,TodoHits,Blister 2 Sobres Héroes Ascendentes | POKÉMON | Español,"16,99 €",False,https://todohits.com/products/blister-2-sobres-heroes-ascendentes-pokemon-espanol
2026-08-23 01:40,Coleccion Pegatinas,TodoHits,Tech Sticker 3 Sobres Ascended heroes | POKÉMON | Inglés,"27,99 €",False,https://todohits.com/products/tech-sticker-3-sobres-ascended-heroes-pokemon-ingles
2026-08-23 01:40,Coleccion Pegatinas,TodoHits,Blister 3 Sobres Héroes Ascendentes | POKÉMON | Español,"24,99 €",False,https://todohits.com/products/blister-3-sobres-heroes-ascendentes-pokemon-espanol
2026-08-23 01:40,ETB,TodoHits,ETB Heroes Ascendentes | Elite Trainer Box | POKÉMON | Español,"69,99 €",False,https://todohits.com/products/etb-heroes-ascendentes-elite-trainer-box-pokemon-espanol
2026-08-23 01:40,ETB,TodoHits,ETB Ascended Heroes | Elite Trainer Box | POKÉMON | Inglés,"84,99 €",False,https://todohits.com/products/etb-ascended-heroes-elite-trainer-box-pokemon-ingles
2026-08-23 01:40,Special Collection,TodoHits,30 aniversario Pokémon Day 2026 | POKÉMON | Español,"25,99 €",False,https://todohits.com/products/30-aniversario-pokemon-day-2026-pokemon-espanol
2026-08-23 01:40,Coleccion Ilustracion S2,JJCOLLECTION,Pokémon TCG - First Partners Illustration Collection - Series 2 - 30th Anniversary (Ingles & Español),"32,50 €",False,https://www.jjcollection.es/products/pokemon-tcg-first-partners-illustration-collection-series-2-30th-anniversary-ingles-espanol
2026-08-23 01:40,Coleccion Ilustracion S1,JJCOLLECTION,Pokémon TCG - First Partners Illustration Collection - Series 1 - 30th Anniversary (Ingles & Español),"32,50 €",False,https://www.jjcollection.es/products/pokemon-tcg-first-partners-illustration-collection-series-1-30th-anniversary-ingles-espanol
2026-08-23 01:40,Case x10,JJCOLLECTION,Pokémon TCG - Case X10 ETB Ascended Heroes (Español),"600,00 €",False,https://www.jjcollection.es/products/pokemon-tcg-case-x10-etb-ascended-heroes-espanol
2026-08-23 01:40,Coleccion Pegatinas,JJCOLLECTION,Pokémon TCG - Tech Sticker Collection Ascended Heroes (Español & ingles),"22,95 €",False,https://www.jjcollection.es/products/pokemon-tcg-tech-sticker-collection-ascended-heroes-espanol-ingles
2026-08-23 01:40,Coleccion Pegatinas,JJCOLLECTION,Pokémon TCG - Blister 2 Sobres Enhanced Héroes Ascendentes (Español),"14,20 €",False,https://www.jjcollection.es/products/pokemon-tcg-blister-2-sobres-enhanced-heroes-ascendentes
2026-08-23 01:40,Booster Bundle,JJCOLLECTION,Pokémon TCG - Booster bundle Ascended Heroes (Ingles & Español),"38,98 €",False,https://www.jjcollection.es/products/pokemon-tcg-booster-bundle-ascended-heroes-ingles-espanol
2026-08-23 01:40,ETB,JJCOLLECTION,Pokémon TCG - Elite Trainer Box Ascended Heroes (Ingles & Español),"65,95 €",False,https://www.jjcollection.es/products/pokemon-tcg-elite-trainer-box-ascended-heroes-ingles
2026-08-23 02:15,Coleccion Ilustracion S3,TodoHits,First partner Series 3 Illustration Collection | POKÉMON | Español (Primer Compañero),"41,00 €",False,https://todohits.com/products/first-partner-series-3-illustration-collection-pokemon-espanol-primer-companero
2026-08-23 02:15,Coleccion Ilustracion S2,TodoHits,First partner Series 2 Illustration Collection | POKÉMON | Español (Primer Compañero),"42,00 €",False,https://todohits.com/products/first-partner-illustration-collection-series-2-pokemon-espanol-primer-companero
2026-08-23 02:15,Booster Bundle,TodoHits,Booster Bundle Heroes Ascendentes | POKÉMON | Español,"54,00 €",False,https://todohits.com/products/booster-bundle-heroes-ascendentes-pokemon-espanol
2026-08-23 02:15,Booster Bundle,TodoHits,Booster Bundle Ascended Heroes | POKÉMON | Inglés,"96,00 €",False,https://todohits.com/products/booster-bundle-heroes-ascendentes-pokemon-ingles
2026-08-23 02:15,Poster,TodoHits,Premium Poster Collection Ascended Heroes | POKÉMON | Inglés,"143,00 €",False,https://todohits.com/products/premium-poster-collection-ascended-heroes-pokemon-ingles
2026-08-23 02:15,Pin Collection,TodoHits,Deluxe Pin Collection Ascended Heroes | POKÉMON | Inglés,"60,00 €",False,https://todohits.com/products/deluxe-pin-collection-ascended-heroes-pokemon-ingles
2026-08-23 02:15,Coleccion Ilustracion S1,TodoHits,First partner Series 1 Illustration Collection | POKÉMON | Español (Primer Compañero),"46,00 €",False,https://todohits.com/products/reserva-first-partner-illustration-collection-series-1-pokemon-espanol
2026-08-23 02:15,Poster,TodoHits,Premium Poster Collection Heroes Ascendentes | POKÉMON | Español,"90,00 €",False,https://todohits.com/products/reserva-premium-poster-collection-heroes-ascendentes-pokemon-espanol
2026-08-23 02:15,Pin Collection,TodoHits,Deluxe Pin Collection Heroes Ascendentes | POKÉMON | Español,"46,00 €",False,https://todohits.com/products/pin-collection-deluxe-heroes-ascendentes-pokemon-espanol
2026-08-23 02:15,Mini Lata,TodoHits,Mini Lata Héroes Ascendentes | POKÉMON | Español,"21,00 €",False,https://todohits.com/products/mini-tin-heroes-ascendentes-pokemon-espanol
2026-08-23 02:15,Coleccion Pegatinas,TodoHits,Blister 2 Sobres Héroes Ascendentes | POKÉMON | Español,"21,00 €",False,https://todohits.com/products/blister-2-sobres-heroes-ascendentes-pokemon-espanol
2026-08-23 02:15,Coleccion Pegatinas,TodoHits,Tech Sticker 3 Sobres Ascended heroes | POKÉMON | Inglés,"34,00 €",False,https://todohits.com/products/tech-sticker-3-sobres-ascended-heroes-pokemon-ingles
2026-08-23 02:15,Coleccion Pegatinas,TodoHits,Blister 3 Sobres Héroes Ascendentes | POKÉMON | Español,"30,00 €",False,https://todohits.com/products/blister-3-sobres-heroes-ascendentes-pokemon-espanol
2026-08-23 02:15,ETB,TodoHits,ETB Heroes Ascendentes | Elite Trainer Box | POKÉMON | Español,"84,00 €",False,https://todohits.com/products/etb-heroes-ascendentes-elite-trainer-box-pokemon-espanol
2026-08-23 02:15,ETB,TodoHits,ETB Ascended Heroes | Elite Trainer Box | POKÉMON | Inglés,"102,00 €",False,https://todohits.com/products/etb-ascended-heroes-elite-trainer-box-pokemon-ingles
2026-08-23 02:15,Special Collection,TodoHits,30 aniversario Pokémon Day 2026 | POKÉMON | Español,"31,00 €",False,https://todohits.com/products/30-aniversario-pokemon-day-2026-pokemon-espanol
2026-08-23 02:15,Coleccion Ilustracion S2,JJCOLLECTION,Pokémon TCG - First Partners Illustration Collection - Series 2 - 30th Anniversary (Ingles & Español),"39,00 €",False,https://www.jjcollection.es/products/pokemon-tcg-first-partners-illustration-collection-series-2-30th-anniversary-ingles-espanol
2026-08-23 02:15,Coleccion Ilustracion S1,JJCOLLECTION,Pokémon TCG - First Partners Illustration Collection - Series 1 - 30th Anniversary (Ingles & Español),"39,00 €",False,https://www.jjcollection.es/products/pokemon-tcg-first-partners-illustration-collection-series-1-30th-anniversary-ingles-espanol
2026-08-23 02:15,Case x10,JJCOLLECTION,Pokémon TCG - Case X10 ETB Ascended Heroes (Español),"715,00 €",False,https://www.jjcollection.es/products/pokemon-tcg-case-x10-etb-ascended-heroes-espanol
2026-08-23 02:15,Coleccion Pegatinas,JJCOLLECTION,Pokémon TCG - Tech Sticker Collection Ascended Heroes (Español & ingles),"28,00 €",False,https://www.jjcollection.es/products/pokemon-tcg-tech-sticker-collection-ascended-heroes-espanol-ingles
2026-08-23 02:15,Coleccion Pegatinas,JJCOLLECTION,Pokémon TCG - Blister 2 Sobres Enhanced Héroes Ascendentes (Español),"17,00 €",False,https://www.jjcollection.es/products/pokemon-tcg-blister-2-sobres-enhanced-heroes-ascendentes
2026-08-23 02:15,Booster Bundle,JJCOLLECTION,Pokémon TCG - Booster bundle Ascended Heroes (Ingles & Español),"47,00 €",False,https://www.jjcollection.es/products/pokemon-tcg-booster-bundle-ascended-heroes-ingles-espanol
2026-08-23 02:15,ETB,JJCOLLECTION,Pokémon TCG - Elite Trainer Box Ascended Heroes (Ingles & Español),"79,00 €",False,https://www.jjcollection.es/products/pokemon-tcg-elite-trainer-box-ascended-heroes-ingles
2026-08-23 09:29,Coleccion Ilustracion S3,Sunny Store,FIRST PARTNER ILLUSTRATION COLLECTION SERIE 3 (ESPAÑOL) - PRIMER COMPAÑERO,"29,90 €",False,https://sunnystore.es/products/first-partner-illustration-collection-serie-3-espanol-primer-companero
2026-08-24 01:25,Poster,TodoHits,Premium Poster Collection Ascended Heroes | POKÉMON | Inglés,"144,00 €",False,https://todohits.com/products/premium-poster-collection-ascended-heroes-pokemon-ingles
2026-08-24 01:25,Case x10,JJCOLLECTION,Pokémon TCG - Case X10 ETB Ascended Heroes (Español),"716,00 €",False,https://www.jjcollection.es/products/pokemon-tcg-case-x10-etb-ascended-heroes-espanol
2026-08-24 02:37,Poster,TodoHits,Premium Poster Collection Ascended Heroes | POKÉMON | Inglés,"143,00 €",False,https://todohits.com/products/premium-poster-collection-ascended-heroes-pokemon-ingles
2026-08-24 02:37,Case x10,JJCOLLECTION,Pokémon TCG - Case X10 ETB Ascended Heroes (Español),"715,00 €",False,https://www.jjcollection.es/products/pokemon-tcg-case-x10-etb-ascended-heroes-espanol
2026-08-24 09:12,Case x10,JJCOLLECTION,Pokémon TCG - Case X10 ETB Ascended Heroes (Español),"714,00 €",False,https://www.jjcollection.es/products/pokemon-tcg-case-x10-etb-ascended-heroes-espanol
2026-08-24 11:41,ETB,CardZone,"ETB Caja de Entrenador Elite Ascended Heroes - Ingles ""Embalaje dañado""","85,95 €",False,https://cardzone.es/products/etb-caja-de-entrenador-elite-ascended-heroes-ingles-copia
2026-08-24 11:41,Pin Collection,CardZone,Caja Deluxe Pin Collection First Partners Ascended Heroes - Ingles,"49,95 €",False,https://cardzone.es/products/caja-deluxe-pin-collection-first-partners-ascended-heroes-ingles
2026-08-24 11:41,Poster,CardZone,"Caja Colección con Poster Premium Héroes Ascendentes - Español ""Embalaje dañado""","67,95 €",False,https://cardzone.es/products/caja-coleccion-con-poster-premium-heroes-ascendentes-espanol-embalaje-danado
2026-08-24 11:41,Poster,CardZone,"Caja Premium Poster Collection Ascended Heroes - Ingles ""Embalaje dañado""","107,95 €",False,https://cardzone.es/products/caja-premium-poster-collection-ascended-heroes-ingles-embalaje-danado
2026-08-24 11:41,Mini Lata,Pokemillon,Mini Lata Héroes Ascendentes | Ascended Heroes,"22,90 €",True,https://www.pokemillon.com/products/mini-lata-heroes-ascendidos-ascended-heroes
2026-08-24 11:41,Booster Bundle,Pokemillon,Booster Bundle Ascended Heroes | Héroes Ascendentes,"42,90 €",False,https://www.pokemillon.com/products/booster-bundle-ascended-heroes
2026-08-24 11:41,Mega Feraligatr Box Collection Héroes Ascendentes | Ascended Heroes,Pokemillon,Mega Feraligatr Box Collection Héroes Ascendentes | Ascended Heroes,"36,90 €",True,https://www.pokemillon.com/products/mega-box-ascendentes-heroes
2026-08-24 11:41,Coleccion Ilustracion S1,Pokemillon,First Partner Series 1 | Primer Compañero 30 Aniversario,"34,90 €",True,https://www.pokemillon.com/products/first-partner
2026-08-24 11:41,ETB,Pokemillon,ETB Celebraciones 30 Aniversario | Élite Celebrations 30th,"59,90 €",False,https://www.pokemillon.com/products/etb-30th
2026-08-24 11:41,Booster Bundle,Pokemillon,Bundle Celebraciones 30 Aniversario | Celebrations 30th,"29,90 €",False,https://www.pokemillon.com/products/bundle-30th-anniversary
2026-08-24 11:41,UPC (espeon),Pokemillon,Ultra Premium Espeon Celebraciones 30 Aniversario | Celebrations 30th,"199,90 €",False,https://www.pokemillon.com/products/ultra-premium-30th-espeon
2026-08-24 11:41,Caja 36,Pokemillon,Booster Box Pokémon 30th Anniversary,"149,90 €",False,https://www.pokemillon.com/products/pokemon-30th-anniversary
2026-08-24 11:41,Sylveon Special Box Celebraciones 30 Aniversario | Élite Celebrations ,Pokemillon,Sylveon Special Box Celebraciones 30 Aniversario | Élite Celebrations 30th,"29,90 €",False,https://www.pokemillon.com/products/sylveon-box-30th-anniversary
2026-08-24 11:41,Ditto Premium Box Celebraciones 30 Aniversario | Celebrations 30th,Pokemillon,Ditto Premium Box Celebraciones 30 Aniversario | Celebrations 30th,"59,90 €",False,https://www.pokemillon.com/products/ditto-premium-box-30th
2026-08-24 11:41,Coleccion Ilustracion S2,Pokemillon,First Partner Series 2 | Primer Compañero 30 Aniversario,"32,90 €",True,https://www.pokemillon.com/products/first-parther-serie-2-caos-creciente-chaos-rising
2026-08-24 11:41,Coleccion Pegatinas Vol1,Pokemillon,30th Anniversary First Partner Blister (Vol. 1),"17,99 €",False,https://www.pokemillon.com/products/30th-anniversary-first-partner-blister-vol-1
2026-08-24 11:41,Coleccion Ilustracion S3,Pokemillon,First Partner Series 3 | Primer Compañero 30 Aniversario,"32,90 €",True,https://www.pokemillon.com/products/first-partner-serie-3-oscuridad-absoluta-pitch-black
2026-08-24 11:41,Sobre,Pokemillon,Sobre Pokémon 30th Anniversary,"1,90 €",False,https://www.pokemillon.com/products/sobre-pokemon-30th-anniversary
2026-08-24 11:41,Futuristic Box Pokémon 30th Anniversary,Pokemillon,Futuristic Box Pokémon 30th Anniversary,"219,90 €",False,https://www.pokemillon.com/products/premium-box-pokemon-30th-anniversary
2026-08-24 11:41,Espeon ex and Umbreon ex Deck Pokémon 30th Anniversary,Pokemillon,Espeon ex and Umbreon ex Deck Pokémon 30th Anniversary,"129,90 €",False,https://www.pokemillon.com/products/premium-deck-pokemon-30th-anniversary
2026-08-24 11:41,Coleccion Ilustracion,Pokemillon,First Partner Illustration Collections Pokémon 30th Anniversary,"59,90 €",False,https://www.pokemillon.com/products/first-partner-illustration-collections-pokemon-30th-anniversary
2026-08-24 11:41,Sobre,Pokemillon,Sobre Heroes Ascendentes / Ascended Heroes,"7,41 €",False,https://www.pokemillon.com/products/sobre-ascended-heroes
2026-08-24 11:41,Mega Emboar Box Collection Héroes Ascendentes | Ascended Heroes,Pokemillon,Mega Emboar Box Collection Héroes Ascendentes | Ascended Heroes,"39,90 €",True,https://www.pokemillon.com/products/mega-emboar-box-collection-heroes-ascendentes-ascended-heroes-copia
2026-08-24 11:41,Mega Meganium Box Collection Héroes Ascendentes | Ascended Heroes,Pokemillon,Mega Meganium Box Collection Héroes Ascendentes | Ascended Heroes,"31,90 €",True,https://www.pokemillon.com/products/mega-meganium-box-collection-heroes-ascendentes-ascended-heroes
2026-08-24 11:41,Coleccion Ilustracion S1,Pokemillon,Case 6 First Partner Series 1 | Primer Compañero 30 Aniversario,"198,99 €",False,https://www.pokemillon.com/products/case-6-first-partner-1
2026-08-24 11:41,UPC (umbreon),Pokemillon,Ultra Premium Umbreon Celebraciones 30 Aniversario | Celebrations 30th,"199,90 €",False,https://www.pokemillon.com/products/ultra-premium-umbreon-celebraciones-30-aniversario-celebrations-30th
2026-08-24 11:41,Greninja Special Box Celebraciones 30 Aniversario | Élite Celebrations,Pokemillon,Greninja Special Box Celebraciones 30 Aniversario | Élite Celebrations 30th,"29,90 €",False,https://www.pokemillon.com/products/greninja-special-box-celebraciones-30-aniversario-elite-celebrations-30th
2026-08-24 11:41,Poster,Pokemillon,30th Poster Collection Box Celebraciones 30 Aniversario,"29,90 €",False,https://www.pokemillon.com/products/30th-poster-collection-box-celebraciones-30-aniversario
2026-08-24 11:41,Album,Pokemillon,30th Celebration Álbum Collection Box Celebraciones 30 Aniversario,"49,90 €",False,https://www.pokemillon.com/products/30th-celebration-album-collection-box-celebraciones-30-aniversario
2026-08-24 11:41,30th Celebration Espeon Battle Deck Celebraciones 30 Aniversario,Pokemillon,30th Celebration Espeon Battle Deck Celebraciones 30 Aniversario,"19,90 €",False,https://www.pokemillon.com/products/30th-celebration-espeon-battle-deck-celebraciones-30-aniversario
2026-08-24 11:41,30th Celebration Umbreon Battle Deck Celebraciones 30 Aniversario,Pokemillon,30th Celebration Umbreon Battle Deck Celebraciones 30 Aniversario,"19,90 €",False,https://www.pokemillon.com/products/30th-celebration-umbreon-battle-deck-celebraciones-30-aniversario
2026-08-24 11:41,Caja Figura Mewtwo Celebraciones 30 Aniversario | Celebrations 30th,Pokemillon,Caja Figura Mewtwo Celebraciones 30 Aniversario | Celebrations 30th,"89,90 €",False,https://www.pokemillon.com/products/caja-figura-mewtwo-celebraciones-30-aniversario-celebrations-30th
2026-08-24 11:41,Caja Figura Mew Celebraciones 30 Aniversario | Celebrations 30th,Pokemillon,Caja Figura Mew Celebraciones 30 Aniversario | Celebrations 30th,"89,90 €",False,https://www.pokemillon.com/products/caja-figura-mew-30th
2026-08-24 11:41,Mini Lata,Pokemillon,Mini Lata Celebraciones 30 Aniversario | Celebrations 30th,"14,90 €",False,https://www.pokemillon.com/products/mini-lata-dia-celebraciones-30-aniversario-celebrations-30th
2026-08-24 11:41,Caja Knock Out Collection Celebraciones 30 Aniversario | Celebrations ,Pokemillon,Caja Knock Out Collection Celebraciones 30 Aniversario | Celebrations 30th,"14,90 €",False,https://www.pokemillon.com/products/caja-knock-out-collection-celebraciones-30-aniversario-celebrations-30th
2026-08-24 11:41,Coleccion Pegatinas,Pokemillon,Blíster Exeguttor Tech Sticker Celebraciones 30 Aniversario | Celebrations 30th,"34,90 €",False,https://www.pokemillon.com/products/blister-tech-sticker-celebraciones-30-aniversario-celebrations-30th
2026-08-24 11:41,Coleccion Pegatinas (lucario),Pokemillon,Blíster Lucario Tech Sticker Celebraciones 30 Aniversario | Celebrations 30th,"34,90 €",False,https://www.pokemillon.com/products/blister-lucario-tech-sticker-celebraciones-30-aniversario-celebrations-30th
2026-08-24 11:41,Coleccion Pegatinas,Pokemillon,Blíster 2 Sobres Celebraciones 30 Aniversario | Celebrations 30th,"14,90 €",False,https://www.pokemillon.com/products/blister-2-sobres-30th
2026-08-24 11:41,Lata,Pokemillon,Greninja ex Tin  Celebraciones 30 Aniversario | Celebrations 30th,"29,90 €",False,https://www.pokemillon.com/products/30th-celebration-pokemon-ex-tin
2026-08-24 11:41,Lata,Pokemillon,Sylveon ex Tin  Celebraciones 30 Aniversario | Celebrations 30th,"29,90 €",False,https://www.pokemillon.com/products/sylveon-ex-tin-celebraciones-30-aniversario-celebrations-30th
2026-08-24 11:41,Coleccion Ilustracion S2,Pokemillon,Case 6 First Partner Series 2 | Primer Compañero 30 Aniversario,"226,90 €",False,https://www.pokemillon.com/products/case-6-first-partner-serie-2-primer-companero-30th
2026-08-24 11:41,Coleccion Ilustracion S3,Pokemillon,Case 6 First Partner Series 3 | Primer Compañero 30 Aniversario Español,"199,80 €",True,https://www.pokemillon.com/products/case-6-first-partner-series-3-primer-companero-30-aniversario-espanol
2026-08-24 11:41,Album,TodoHits,Album Ascended Heroes | 9 Bolsillos 252 Cartas | Binder,"17,00 €",False,https://todohits.com/products/album-ascended-heroes-9-bolsillos-252-cartas-binder
2026-08-24 11:56,Coleccion Ilustracion S3,Sunny Store,FIRST PARTNER ILLUSTRATION COLLECTION SERIE 3 (ESPAÑOL) - PRIMER COMPAÑERO,"29,90 €",True,https://sunnystore.es/products/first-partner-illustration-collection-serie-3-espanol-primer-companero
2026-08-24 13:20,Case x10,JJCOLLECTION,Pokémon TCG - Case X10 ETB Ascended Heroes (Español),"715,00 €",False,https://www.jjcollection.es/products/pokemon-tcg-case-x10-etb-ascended-heroes-espanol
2026-08-24 14:25,Case x10,JJCOLLECTION,Pokémon TCG - Case X10 ETB Ascended Heroes (Español),"714,00 €",False,https://www.jjcollection.es/products/pokemon-tcg-case-x10-etb-ascended-heroes-espanol
2026-08-24 14:25,ETB,Pokemillon,ETB Celebraciones 30 Aniversario | Élite Celebrations 30th,"61,90 €",False,https://www.pokemillon.com/products/etb-30th
2026-08-24 15:44,Coleccion Ilustracion S3,TodoHits,First partner Series 3 Illustration Collection | POKÉMON | Español (Primer Compañero),"33,99 €",False,https://todohits.com/products/first-partner-series-3-illustration-collection-pokemon-espanol-primer-companero
2026-08-24 15:44,Coleccion Ilustracion S2,TodoHits,First partner Series 2 Illustration Collection | POKÉMON | Español (Primer Compañero),"34,99 €",False,https://todohits.com/products/first-partner-illustration-collection-series-2-pokemon-espanol-primer-companero
2026-08-24 15:44,Booster Bundle,TodoHits,Booster Bundle Heroes Ascendentes | POKÉMON | Español,"44,99 €",False,https://todohits.com/products/booster-bundle-heroes-ascendentes-pokemon-espanol
2026-08-24 15:44,Booster Bundle,TodoHits,Booster Bundle Ascended Heroes | POKÉMON | Inglés,"79,99 €",False,https://todohits.com/products/booster-bundle-heroes-ascendentes-pokemon-ingles
2026-08-24 15:44,Poster,TodoHits,Premium Poster Collection Ascended Heroes | POKÉMON | Inglés,"119,99 €",False,https://todohits.com/products/premium-poster-collection-ascended-heroes-pokemon-ingles
2026-08-24 15:44,Pin Collection,TodoHits,Deluxe Pin Collection Ascended Heroes | POKÉMON | Inglés,"49,99 €",False,https://todohits.com/products/deluxe-pin-collection-ascended-heroes-pokemon-ingles
2026-08-24 15:44,Coleccion Ilustracion S1,TodoHits,First partner Series 1 Illustration Collection | POKÉMON | Español (Primer Compañero),"37,99 €",False,https://todohits.com/products/reserva-first-partner-illustration-collection-series-1-pokemon-espanol
2026-08-24 15:44,Poster,TodoHits,Premium Poster Collection Heroes Ascendentes | POKÉMON | Español,"74,99 €",False,https://todohits.com/products/reserva-premium-poster-collection-heroes-ascendentes-pokemon-espanol
2026-08-24 15:44,Pin Collection,TodoHits,Deluxe Pin Collection Heroes Ascendentes | POKÉMON | Español,"37,99 €",False,https://todohits.com/products/pin-collection-deluxe-heroes-ascendentes-pokemon-espanol
2026-08-24 15:44,Mini Lata,TodoHits,Mini Lata Héroes Ascendentes | POKÉMON | Español,"16,99 €",False,https://todohits.com/products/mini-tin-heroes-ascendentes-pokemon-espanol
2026-08-24 15:44,Coleccion Pegatinas,TodoHits,Blister 2 Sobres Héroes Ascendentes | POKÉMON | Español,"16,99 €",False,https://todohits.com/products/blister-2-sobres-heroes-ascendentes-pokemon-espanol
2026-08-24 15:44,Coleccion Pegatinas,TodoHits,Tech Sticker 3 Sobres Ascended heroes | POKÉMON | Inglés,"27,99 €",False,https://todohits.com/products/tech-sticker-3-sobres-ascended-heroes-pokemon-ingles
2026-08-24 15:44,Coleccion Pegatinas,TodoHits,Blister 3 Sobres Héroes Ascendentes | POKÉMON | Español,"24,99 €",False,https://todohits.com/products/blister-3-sobres-heroes-ascendentes-pokemon-espanol
2026-08-24 15:44,ETB,TodoHits,ETB Heroes Ascendentes | Elite Trainer Box | POKÉMON | Español,"69,99 €",False,https://todohits.com/products/etb-heroes-ascendentes-elite-trainer-box-pokemon-espanol
2026-08-24 15:44,ETB,TodoHits,ETB Ascended Heroes | Elite Trainer Box | POKÉMON | Inglés,"84,99 €",False,https://todohits.com/products/etb-ascended-heroes-elite-trainer-box-pokemon-ingles
2026-08-24 15:44,Special Collection,TodoHits,30 aniversario Pokémon Day 2026 | POKÉMON | Español,"25,99 €",False,https://todohits.com/products/30-aniversario-pokemon-day-2026-pokemon-espanol
2026-08-24 15:44,Coleccion Ilustracion S2,JJCOLLECTION,Pokémon TCG - First Partners Illustration Collection - Series 2 - 30th Anniversary (Ingles & Español),"32,50 €",False,https://www.jjcollection.es/products/pokemon-tcg-first-partners-illustration-collection-series-2-30th-anniversary-ingles-espanol
2026-08-24 15:44,Coleccion Ilustracion S1,JJCOLLECTION,Pokémon TCG - First Partners Illustration Collection - Series 1 - 30th Anniversary (Ingles & Español),"32,50 €",False,https://www.jjcollection.es/products/pokemon-tcg-first-partners-illustration-collection-series-1-30th-anniversary-ingles-espanol
2026-08-24 15:44,Case x10,JJCOLLECTION,Pokémon TCG - Case X10 ETB Ascended Heroes (Español),"600,00 €",False,https://www.jjcollection.es/products/pokemon-tcg-case-x10-etb-ascended-heroes-espanol
2026-08-24 15:44,Coleccion Pegatinas,JJCOLLECTION,Pokémon TCG - Tech Sticker Collection Ascended Heroes (Español & ingles),"22,95 €",False,https://www.jjcollection.es/products/pokemon-tcg-tech-sticker-collection-ascended-heroes-espanol-ingles
2026-08-24 15:44,Coleccion Pegatinas,JJCOLLECTION,Pokémon TCG - Blister 2 Sobres Enhanced Héroes Ascendentes (Español),"14,20 €",False,https://www.jjcollection.es/products/pokemon-tcg-blister-2-sobres-enhanced-heroes-ascendentes
2026-08-24 15:44,Booster Bundle,JJCOLLECTION,Pokémon TCG - Booster bundle Ascended Heroes (Ingles & Español),"38,98 €",False,https://www.jjcollection.es/products/pokemon-tcg-booster-bundle-ascended-heroes-ingles-espanol
2026-08-24 15:44,ETB,JJCOLLECTION,Pokémon TCG - Elite Trainer Box Ascended Heroes (Ingles & Español),"65,95 €",False,https://www.jjcollection.es/products/pokemon-tcg-elite-trainer-box-ascended-heroes-ingles
2026-08-24 15:44,Coleccion Ilustracion S3,Darizard9,Primer Compañero Serie 3 Español,"29,99 €",False,https://www.darizard9.com/products/primer-companero-serie-3-espanol
2026-08-24 15:44,Album,TodoHits,Album Ascended Heroes | 9 Bolsillos 252 Cartas | Binder,"13,99 €",False,https://todohits.com/products/album-ascended-heroes-9-bolsillos-252-cartas-binder
2026-08-24 16:02,Coleccion Ilustracion S3,TodoHits,First partner Series 3 Illustration Collection | POKÉMON | Español (Primer Compañero),"41,00 €",False,https://todohits.com/products/first-partner-series-3-illustration-collection-pokemon-espanol-primer-companero
2026-08-24 16:02,Coleccion Ilustracion S2,TodoHits,First partner Series 2 Illustration Collection | POKÉMON | Español (Primer Compañero),"42,00 €",False,https://todohits.com/products/first-partner-illustration-collection-series-2-pokemon-espanol-primer-companero
2026-08-24 16:02,Booster Bundle,TodoHits,Booster Bundle Heroes Ascendentes | POKÉMON | Español,"54,00 €",False,https://todohits.com/products/booster-bundle-heroes-ascendentes-pokemon-espanol
2026-08-24 16:02,Booster Bundle,TodoHits,Booster Bundle Ascended Heroes | POKÉMON | Inglés,"96,00 €",False,https://todohits.com/products/booster-bundle-heroes-ascendentes-pokemon-ingles
2026-08-24 16:02,Poster,TodoHits,Premium Poster Collection Ascended Heroes | POKÉMON | Inglés,"143,00 €",False,https://todohits.com/products/premium-poster-collection-ascended-heroes-pokemon-ingles
2026-08-24 16:02,Pin Collection,TodoHits,Deluxe Pin Collection Ascended Heroes | POKÉMON | Inglés,"60,00 €",False,https://todohits.com/products/deluxe-pin-collection-ascended-heroes-pokemon-ingles
2026-08-24 16:02,Coleccion Ilustracion S1,TodoHits,First partner Series 1 Illustration Collection | POKÉMON | Español (Primer Compañero),"46,00 €",False,https://todohits.com/products/reserva-first-partner-illustration-collection-series-1-pokemon-espanol
2026-08-24 16:02,Poster,TodoHits,Premium Poster Collection Heroes Ascendentes | POKÉMON | Español,"90,00 €",False,https://todohits.com/products/reserva-premium-poster-collection-heroes-ascendentes-pokemon-espanol
2026-08-24 16:02,Pin Collection,TodoHits,Deluxe Pin Collection Heroes Ascendentes | POKÉMON | Español,"46,00 €",False,https://todohits.com/products/pin-collection-deluxe-heroes-ascendentes-pokemon-espanol
2026-08-24 16:02,Mini Lata,TodoHits,Mini Lata Héroes Ascendentes | POKÉMON | Español,"21,00 €",False,https://todohits.com/products/mini-tin-heroes-ascendentes-pokemon-espanol
2026-08-24 16:02,Coleccion Pegatinas,TodoHits,Blister 2 Sobres Héroes Ascendentes | POKÉMON | Español,"21,00 €",False,https://todohits.com/products/blister-2-sobres-heroes-ascendentes-pokemon-espanol
2026-08-24 16:02,Coleccion Pegatinas,TodoHits,Tech Sticker 3 Sobres Ascended heroes | POKÉMON | Inglés,"34,00 €",False,https://todohits.com/products/tech-sticker-3-sobres-ascended-heroes-pokemon-ingles
2026-08-24 16:02,Coleccion Pegatinas,TodoHits,Blister 3 Sobres Héroes Ascendentes | POKÉMON | Español,"30,00 €",False,https://todohits.com/products/blister-3-sobres-heroes-ascendentes-pokemon-espanol
2026-08-24 16:02,ETB,TodoHits,ETB Heroes Ascendentes | Elite Trainer Box | POKÉMON | Español,"84,00 €",False,https://todohits.com/products/etb-heroes-ascendentes-elite-trainer-box-pokemon-espanol
2026-08-24 16:02,ETB,TodoHits,ETB Ascended Heroes | Elite Trainer Box | POKÉMON | Inglés,"102,00 €",False,https://todohits.com/products/etb-ascended-heroes-elite-trainer-box-pokemon-ingles
2026-08-24 16:02,Special Collection,TodoHits,30 aniversario Pokémon Day 2026 | POKÉMON | Español,"31,00 €",False,https://todohits.com/products/30-aniversario-pokemon-day-2026-pokemon-espanol
2026-08-24 16:02,Coleccion Ilustracion S2,JJCOLLECTION,Pokémon TCG - First Partners Illustration Collection - Series 2 - 30th Anniversary (Ingles & Español),"39,00 €",False,https://www.jjcollection.es/products/pokemon-tcg-first-partners-illustration-collection-series-2-30th-anniversary-ingles-espanol
2026-08-24 16:02,Coleccion Ilustracion S1,JJCOLLECTION,Pokémon TCG - First Partners Illustration Collection - Series 1 - 30th Anniversary (Ingles & Español),"39,00 €",False,https://www.jjcollection.es/products/pokemon-tcg-first-partners-illustration-collection-series-1-30th-anniversary-ingles-espanol
2026-08-24 16:02,Case x10,JJCOLLECTION,Pokémon TCG - Case X10 ETB Ascended Heroes (Español),"714,00 €",False,https://www.jjcollection.es/products/pokemon-tcg-case-x10-etb-ascended-heroes-espanol
2026-08-24 16:02,Coleccion Pegatinas,JJCOLLECTION,Pokémon TCG - Tech Sticker Collection Ascended Heroes (Español & ingles),"28,00 €",False,https://www.jjcollection.es/products/pokemon-tcg-tech-sticker-collection-ascended-heroes-espanol-ingles
2026-08-24 16:02,Coleccion Pegatinas,JJCOLLECTION,Pokémon TCG - Blister 2 Sobres Enhanced Héroes Ascendentes (Español),"17,00 €",False,https://www.jjcollection.es/products/pokemon-tcg-blister-2-sobres-enhanced-heroes-ascendentes
2026-08-24 16:02,Booster Bundle,JJCOLLECTION,Pokémon TCG - Booster bundle Ascended Heroes (Ingles & Español),"47,00 €",False,https://www.jjcollection.es/products/pokemon-tcg-booster-bundle-ascended-heroes-ingles-espanol
2026-08-24 16:02,ETB,JJCOLLECTION,Pokémon TCG - Elite Trainer Box Ascended Heroes (Ingles & Español),"79,00 €",False,https://www.jjcollection.es/products/pokemon-tcg-elite-trainer-box-ascended-heroes-ingles
2026-08-24 16:02,Album,TodoHits,Album Ascended Heroes | 9 Bolsillos 252 Cartas | Binder,"17,00 €",False,https://todohits.com/products/album-ascended-heroes-9-bolsillos-252-cartas-binder
2026-08-24 16:18,Coleccion Ilustracion S3,Reino de Cartas,Pokémon TCG: First Partner Illustration Collection Series 3 (Español),"29,99 €",True,https://reinodecartas.com/tienda-tcg/pokemon-tcg/first-partner-series-3-pokemon-tcg-espanol/
2026-08-24 18:55,Coleccion Ilustracion S3,TodoHits,First partner Series 3 Illustration Collection | POKÉMON | Español (Primer Compañero),"33,99 €",False,https://todohits.com/products/first-partner-series-3-illustration-collection-pokemon-espanol-primer-companero
2026-08-24 18:55,Coleccion Ilustracion S2,TodoHits,First partner Series 2 Illustration Collection | POKÉMON | Español (Primer Compañero),"34,99 €",False,https://todohits.com/products/first-partner-illustration-collection-series-2-pokemon-espanol-primer-companero
2026-08-24 18:55,Booster Bundle,TodoHits,Booster Bundle Heroes Ascendentes | POKÉMON | Español,"44,99 €",False,https://todohits.com/products/booster-bundle-heroes-ascendentes-pokemon-espanol
2026-08-24 18:55,Booster Bundle,TodoHits,Booster Bundle Ascended Heroes | POKÉMON | Inglés,"79,99 €",False,https://todohits.com/products/booster-bundle-heroes-ascendentes-pokemon-ingles
2026-08-24 18:55,Poster,TodoHits,Premium Poster Collection Ascended Heroes | POKÉMON | Inglés,"119,99 €",False,https://todohits.com/products/premium-poster-collection-ascended-heroes-pokemon-ingles
2026-08-24 18:55,Pin Collection,TodoHits,Deluxe Pin Collection Ascended Heroes | POKÉMON | Inglés,"49,99 €",False,https://todohits.com/products/deluxe-pin-collection-ascended-heroes-pokemon-ingles
2026-08-24 18:55,Coleccion Ilustracion S1,TodoHits,First partner Series 1 Illustration Collection | POKÉMON | Español (Primer Compañero),"37,99 €",False,https://todohits.com/products/reserva-first-partner-illustration-collection-series-1-pokemon-espanol
2026-08-24 18:55,Poster,TodoHits,Premium Poster Collection Heroes Ascendentes | POKÉMON | Español,"74,99 €",False,https://todohits.com/products/reserva-premium-poster-collection-heroes-ascendentes-pokemon-espanol
2026-08-24 18:55,Pin Collection,TodoHits,Deluxe Pin Collection Heroes Ascendentes | POKÉMON | Español,"37,99 €",False,https://todohits.com/products/pin-collection-deluxe-heroes-ascendentes-pokemon-espanol
2026-08-24 18:55,Mini Lata,TodoHits,Mini Lata Héroes Ascendentes | POKÉMON | Español,"16,99 €",False,https://todohits.com/products/mini-tin-heroes-ascendentes-pokemon-espanol
2026-08-24 18:55,Coleccion Pegatinas,TodoHits,Blister 2 Sobres Héroes Ascendentes | POKÉMON | Español,"16,99 €",False,https://todohits.com/products/blister-2-sobres-heroes-ascendentes-pokemon-espanol
2026-08-24 18:55,Coleccion Pegatinas,TodoHits,Tech Sticker 3 Sobres Ascended heroes | POKÉMON | Inglés,"27,99 €",False,https://todohits.com/products/tech-sticker-3-sobres-ascended-heroes-pokemon-ingles
2026-08-24 18:55,Coleccion Pegatinas,TodoHits,Blister 3 Sobres Héroes Ascendentes | POKÉMON | Español,"24,99 €",False,https://todohits.com/products/blister-3-sobres-heroes-ascendentes-pokemon-espanol
2026-08-24 18:55,ETB,TodoHits,ETB Heroes Ascendentes | Elite Trainer Box | POKÉMON | Español,"69,99 €",False,https://todohits.com/products/etb-heroes-ascendentes-elite-trainer-box-pokemon-espanol
2026-08-24 18:55,ETB,TodoHits,ETB Ascended Heroes | Elite Trainer Box | POKÉMON | Inglés,"84,99 €",False,https://todohits.com/products/etb-ascended-heroes-elite-trainer-box-pokemon-ingles
2026-08-24 18:55,Special Collection,TodoHits,30 aniversario Pokémon Day 2026 | POKÉMON | Español,"25,99 €",False,https://todohits.com/products/30-aniversario-pokemon-day-2026-pokemon-espanol
2026-08-24 18:55,Coleccion Ilustracion S2,JJCOLLECTION,Pokémon TCG - First Partners Illustration Collection - Series 2 - 30th Anniversary (Ingles & Español),"32,50 €",False,https://www.jjcollection.es/products/pokemon-tcg-first-partners-illustration-collection-series-2-30th-anniversary-ingles-espanol
2026-08-24 18:55,Coleccion Ilustracion S1,JJCOLLECTION,Pokémon TCG - First Partners Illustration Collection - Series 1 - 30th Anniversary (Ingles & Español),"32,50 €",False,https://www.jjcollection.es/products/pokemon-tcg-first-partners-illustration-collection-series-1-30th-anniversary-ingles-espanol
2026-08-24 18:55,Case x10,JJCOLLECTION,Pokémon TCG - Case X10 ETB Ascended Heroes (Español),"600,00 €",False,https://www.jjcollection.es/products/pokemon-tcg-case-x10-etb-ascended-heroes-espanol
2026-08-24 18:55,Coleccion Pegatinas,JJCOLLECTION,Pokémon TCG - Tech Sticker Collection Ascended Heroes (Español & ingles),"22,95 €",False,https://www.jjcollection.es/products/pokemon-tcg-tech-sticker-collection-ascended-heroes-espanol-ingles
2026-08-24 18:55,Coleccion Pegatinas,JJCOLLECTION,Pokémon TCG - Blister 2 Sobres Enhanced Héroes Ascendentes (Español),"14,20 €",False,https://www.jjcollection.es/products/pokemon-tcg-blister-2-sobres-enhanced-heroes-ascendentes
2026-08-24 18:55,Booster Bundle,JJCOLLECTION,Pokémon TCG - Booster bundle Ascended Heroes (Ingles & Español),"38,98 €",False,https://www.jjcollection.es/products/pokemon-tcg-booster-bundle-ascended-heroes-ingles-espanol
2026-08-24 18:55,ETB,JJCOLLECTION,Pokémon TCG - Elite Trainer Box Ascended Heroes (Ingles & Español),"65,95 €",False,https://www.jjcollection.es/products/pokemon-tcg-elite-trainer-box-ascended-heroes-ingles
2026-08-24 18:55,Album,TodoHits,Album Ascended Heroes | 9 Bolsillos 252 Cartas | Binder,"13,99 €",False,https://todohits.com/products/album-ascended-heroes-9-bolsillos-252-cartas-binder
2026-08-24 19:14,Coleccion Ilustracion S3,TodoHits,First partner Series 3 Illustration Collection | POKÉMON | Español (Primer Compañero),"41,00 €",False,https://todohits.com/products/first-partner-series-3-illustration-collection-pokemon-espanol-primer-companero
2026-08-24 19:14,Coleccion Ilustracion S2,TodoHits,First partner Series 2 Illustration Collection | POKÉMON | Español (Primer Compañero),"42,00 €",False,https://todohits.com/products/first-partner-illustration-collection-series-2-pokemon-espanol-primer-companero
2026-08-24 19:14,Booster Bundle,TodoHits,Booster Bundle Heroes Ascendentes | POKÉMON | Español,"54,00 €",False,https://todohits.com/products/booster-bundle-heroes-ascendentes-pokemon-espanol
2026-08-24 19:14,Booster Bundle,TodoHits,Booster Bundle Ascended Heroes | POKÉMON | Inglés,"96,00 €",False,https://todohits.com/products/booster-bundle-heroes-ascendentes-pokemon-ingles
2026-08-24 19:14,Poster,TodoHits,Premium Poster Collection Ascended Heroes | POKÉMON | Inglés,"143,00 €",False,https://todohits.com/products/premium-poster-collection-ascended-heroes-pokemon-ingles
2026-08-24 19:14,Pin Collection,TodoHits,Deluxe Pin Collection Ascended Heroes | POKÉMON | Inglés,"60,00 €",False,https://todohits.com/products/deluxe-pin-collection-ascended-heroes-pokemon-ingles
2026-08-24 19:14,Coleccion Ilustracion S1,TodoHits,First partner Series 1 Illustration Collection | POKÉMON | Español (Primer Compañero),"46,00 €",False,https://todohits.com/products/reserva-first-partner-illustration-collection-series-1-pokemon-espanol
2026-08-24 19:14,Poster,TodoHits,Premium Poster Collection Heroes Ascendentes | POKÉMON | Español,"90,00 €",False,https://todohits.com/products/reserva-premium-poster-collection-heroes-ascendentes-pokemon-espanol
2026-08-24 19:14,Pin Collection,TodoHits,Deluxe Pin Collection Heroes Ascendentes | POKÉMON | Español,"46,00 €",False,https://todohits.com/products/pin-collection-deluxe-heroes-ascendentes-pokemon-espanol
2026-08-24 19:14,Mini Lata,TodoHits,Mini Lata Héroes Ascendentes | POKÉMON | Español,"21,00 €",False,https://todohits.com/products/mini-tin-heroes-ascendentes-pokemon-espanol
2026-08-24 19:14,Coleccion Pegatinas,TodoHits,Blister 2 Sobres Héroes Ascendentes | POKÉMON | Español,"21,00 €",False,https://todohits.com/products/blister-2-sobres-heroes-ascendentes-pokemon-espanol
2026-08-24 19:14,Coleccion Pegatinas,TodoHits,Tech Sticker 3 Sobres Ascended heroes | POKÉMON | Inglés,"34,00 €",False,https://todohits.com/products/tech-sticker-3-sobres-ascended-heroes-pokemon-ingles
2026-08-24 19:14,Coleccion Pegatinas,TodoHits,Blister 3 Sobres Héroes Ascendentes | POKÉMON | Español,"30,00 €",False,https://todohits.com/products/blister-3-sobres-heroes-ascendentes-pokemon-espanol
2026-08-24 19:14,ETB,TodoHits,ETB Heroes Ascendentes | Elite Trainer Box | POKÉMON | Español,"84,00 €",False,https://todohits.com/products/etb-heroes-ascendentes-elite-trainer-box-pokemon-espanol
2026-08-24 19:14,ETB,TodoHits,ETB Ascended Heroes | Elite Trainer Box | POKÉMON | Inglés,"102,00 €",False,https://todohits.com/products/etb-ascended-heroes-elite-trainer-box-pokemon-ingles
2026-08-24 19:14,Special Collection,TodoHits,30 aniversario Pokémon Day 2026 | POKÉMON | Español,"31,00 €",False,https://todohits.com/products/30-aniversario-pokemon-day-2026-pokemon-espanol
2026-08-24 19:14,Coleccion Ilustracion S2,JJCOLLECTION,Pokémon TCG - First Partners Illustration Collection - Series 2 - 30th Anniversary (Ingles & Español),"39,00 €",False,https://www.jjcollection.es/products/pokemon-tcg-first-partners-illustration-collection-series-2-30th-anniversary-ingles-espanol
2026-08-24 19:14,Coleccion Ilustracion S1,JJCOLLECTION,Pokémon TCG - First Partners Illustration Collection - Series 1 - 30th Anniversary (Ingles & Español),"39,00 €",False,https://www.jjcollection.es/products/pokemon-tcg-first-partners-illustration-collection-series-1-30th-anniversary-ingles-espanol
2026-08-24 19:14,Case x10,JJCOLLECTION,Pokémon TCG - Case X10 ETB Ascended Heroes (Español),"714,00 €",False,https://www.jjcollection.es/products/pokemon-tcg-case-x10-etb-ascended-heroes-espanol
2026-08-24 19:14,Coleccion Pegatinas,JJCOLLECTION,Pokémon TCG - Tech Sticker Collection Ascended Heroes (Español & ingles),"28,00 €",False,https://www.jjcollection.es/products/pokemon-tcg-tech-sticker-collection-ascended-heroes-espanol-ingles
2026-08-24 19:14,Coleccion Pegatinas,JJCOLLECTION,Pokémon TCG - Blister 2 Sobres Enhanced Héroes Ascendentes (Español),"17,00 €",False,https://www.jjcollection.es/products/pokemon-tcg-blister-2-sobres-enhanced-heroes-ascendentes
2026-08-24 19:14,Booster Bundle,JJCOLLECTION,Pokémon TCG - Booster bundle Ascended Heroes (Ingles & Español),"47,00 €",False,https://www.jjcollection.es/products/pokemon-tcg-booster-bundle-ascended-heroes-ingles-espanol
2026-08-24 19:14,ETB,JJCOLLECTION,Pokémon TCG - Elite Trainer Box Ascended Heroes (Ingles & Español),"79,00 €",False,https://www.jjcollection.es/products/pokemon-tcg-elite-trainer-box-ascended-heroes-ingles
2026-08-24 19:14,Album,TodoHits,Album Ascended Heroes | 9 Bolsillos 252 Cartas | Binder,"17,00 €",False,https://todohits.com/products/album-ascended-heroes-9-bolsillos-252-cartas-binder
2026-08-25 00:25,Case x10,JJCOLLECTION,Pokémon TCG - Case X10 ETB Ascended Heroes (Español),"715,00 €",False,https://www.jjcollection.es/products/pokemon-tcg-case-x10-etb-ascended-heroes-espanol
2026-08-25 02:33,Case x10,JJCOLLECTION,Pokémon TCG - Case X10 ETB Ascended Heroes (Español),"714,00 €",False,https://www.jjcollection.es/products/pokemon-tcg-case-x10-etb-ascended-heroes-espanol
2026-08-25 07:16,ETB,Iberian Collect,Combo ETB Ascended Héroes Inglés + Booster Box Equilibrio Perfecto+ Acrílico para la ETB,"289,99 €",True,https://iberiancollect.com/products/combo-etb-ascended-heroes-ingles-booster-box-equilibrio-perfecto
2026-08-25 07:16,Caja premium Héroes ascendentes Mega ex,Iberian Collect,Caja premium Héroes ascendentes Mega ex,"37,95 €",True,https://iberiancollect.com/products/caja-premium-heroes-ascendentes-mega-ex
2026-08-25 07:16,Booster Bundle,Iberian Collect,"Booster Bundle Ascended Heroes , Inglés","94,99 €",False,https://iberiancollect.com/products/booster-bundle-ascended-heroes-ingles
2026-08-25 07:16,Booster Bundle,Iberian Collect,"Booster Bundle Héroes Ascendentes , Español","49,99 €",False,https://iberiancollect.com/products/booster-bundle-heroes-ascendentes-espanol
2026-08-25 07:16,ETB,Iberian Collect,"ETB Heroes Ascendentes , Español","84,99 €",False,https://iberiancollect.com/products/etb-heroes-ascendidos-espanol
2026-08-25 07:16,Poster,Iberian Collect,"Coleccion Premium con poster , Héroes Ascendentes , Español,","84,99 €",False,https://iberiancollect.com/products/coleccion-premium-con-poster-heroes-ascendentes-espanol
2026-08-25 07:16,Carta Mega Gengar ex de la colección Ascended Héroes,Iberian Collect,Carta Mega Gengar ex de la colección Ascended Héroes,"699,99 €",False,https://iberiancollect.com/products/carta-mega-gengar-ex-de-la-coleccion-ascended-heroes
2026-08-25 07:16,ETB,Iberian Collect,"ETB Ascended Heroes , Ingles","174,99 €",True,https://iberiancollect.com/products/etb-ascended-heroes-ingles
2026-08-25 07:16,Coleccion Ilustracion S3,Iberian Collect,First Partner Illustration Collection Series 3 ( Castellano),"29,97 €",True,https://iberiancollect.com/products/first-partner-illustration-collection-series-3-castellano-proximamente
2026-08-25 07:16,ETB,Iberian Collect,"ETB 30 aniversario , Celebraciones Pokémon (Próximamente)","59,99 €",False,https://iberiancollect.com/products/etb-30-aniversario-celebraciones-pokemon
2026-08-25 07:16,UPC,Iberian Collect,"UPC 30 aniversario , celebraciones , Pokémon ( Próximamente )","199,99 €",False,https://iberiancollect.com/products/upc-30-aniversario-celebraciones-pokemon-proximamente
2026-08-25 07:16,ETB,Pokezilla,Pokémon TCG: Mega Evolution - Ascended Heroes Elite Trainer Box,"89,95 €",False,https://pokezilla.com/products/pokemon-tcg-mega-evolution-ascended-heroes-elite-trainer-box
2026-08-25 07:16,Booster Bundle,Pokezilla,Mega Evolution Ascended Heroes Booster Bundle,"45,95 €",False,https://pokezilla.com/products/mega-evolution-ascended-heroes-booster-bundle-preventa
2026-08-25 07:16,Coleccion Pegatinas (charmander),Pokezilla,Mega Evolution Ascended Heroes - Tech Sticker Collection ( Charmander),"19,95 €",False,https://pokezilla.com/products/mega-evolution-ascended-heroes-tech-sticker-collection-charmander-preventa
2026-08-25 07:16,Coleccion Pegatinas (gastly),Pokezilla,Mega Evolution Ascended Heroes - Tech Sticker Collection ( Gastly ),"19,95 €",False,https://pokezilla.com/products/mega-evolution-ascended-heroes-tech-sticker-collection-gastly-preventa
2026-08-25 07:16,Poster (gardevoir),Pokezilla,Mega Evolution Ascended Heroes - Premium Poster Collection (Mega Gardevoir),"84,95 €",False,https://pokezilla.com/products/mega-evolution-ascended-heroes-premium-poster-collection-mega-gardevoir-preventa
2026-08-25 07:16,EX Box,Pokezilla,Pokémon TCG: Mega Evolution—Ascended Heroes ex Box,"39,95 €",True,https://pokezilla.com/products/pokemon-tcg-mega-evolution-ascended-heroes-ex-box
2026-08-25 07:16,Coleccion Pegatinas,Pokezilla,Mega Evolution - Ascended Heroes Blíster x 2,"17,95 €",False,https://pokezilla.com/products/mega-evolution-ascended-heroes-blister-x-2-preventa
2026-08-25 07:16,Poster (lucario),Pokezilla,Mega Evolution Ascended Heroes - Premium Poster Collection (Mega Lucario),"84,95 €",False,https://pokezilla.com/products/mega-evolution-ascended-heroes-premium-poster-collection-mega-lucario-preventa
2026-08-25 07:16,ETB,Pokezilla,Pokémon TCG: 30 Aniversario Especial Pokémon Elite Trainer Box - PREVENTA,"99,95 €",True,https://pokezilla.com/products/pokemon-tcg-30-aniversario-especial-pokemon-preventa
2026-08-25 07:16,Pokémon TCG: Umbreon 30 Aniversario Especial Ultra-Premium Collection-,Pokezilla,Pokémon TCG: Umbreon 30 Aniversario Especial Ultra-Premium Collection- PREVENTA,"239,95 €",True,https://pokezilla.com/products/umbreon-30-aniversario-especial-ultra-premium-collection
2026-08-25 07:16,Pokémon TCG: Espeon 30 Aniversario Especial Ultra-Premium Collection- ,Pokezilla,Pokémon TCG: Espeon 30 Aniversario Especial Ultra-Premium Collection- PREVENTA,"239,95 €",True,https://pokezilla.com/products/pokemon-tcg-espeon-30-aniversario-especial-ultra-premium-collection
2026-08-25 07:16,Booster Bundle,Pokezilla,Pokémon TCG: 30 Aniversario Especial Pokémon Booster Bundle (6 packs) - PREVENTA,"69,95 €",True,https://pokezilla.com/products/pokemon-tcg-30-aniversario-especial-pokemon-booster-bundle-preventa
2026-08-25 07:16,Booster Bundle,Pokezilla,Pokémon TCG: 30 Aniversario Especial Pokémon Booster Bundle (Display 10 unidades) - PREVENTA,"699,95 €",True,https://pokezilla.com/products/pokemon-tcg-30-aniversario-especial-pokemon-booster-bundle-display-10-unidades-preventa
2026-08-25 07:16,Coleccion Ilustracion S2,Pokezilla,Pokémon TCG: 30 Aniversario First Partner Illustration Collection Series 2,"34,95 €",True,https://pokezilla.com/products/pokemon-tcg-30-aniversario-first-partner-collection-series-2
2026-08-25 07:16,Coleccion Ilustracion S3,Pokezilla,Pokémon TCG: 30 Aniversario First Partner Illustration Collection Series 3,"34,95 €",True,https://pokezilla.com/products/pokemon-tcg-first-partner-illustration-collection-series-3
2026-08-25 07:51,Coleccion Ilustracion S3,TCG Level,First Partner Illustration Collections Series 3 Español,"31,90 €",True,https://tcglevel.com/products/first-partner-illustration-collections-series-3-espanol
2026-08-25 08:54,Coleccion Ilustracion S3,RyuCards,Colección Ilustración Primer Compañero Serie 3,"29,90 €",True,https://www.ryucardstcg.com/products/coleccion-ilustracion-primer-companero-serie-3
2026-08-25 09:12,EX Box,CardZone,Caja Mega EX Box Héroes Ascendentes - Español,"35,95 €",True,https://cardzone.es/products/caja-mega-ex-box-heroes-ascendentes-espanol
2026-08-25 10:06,Case x10,JJCOLLECTION,Pokémon TCG - Case X10 ETB Ascended Heroes (Español),"715,00 €",False,https://www.jjcollection.es/products/pokemon-tcg-case-x10-etb-ascended-heroes-espanol
2026-08-25 11:14,Special Collection,Pokemillon,Pokémon Day 2026 Collection (30 Aniversario),"32,90 €",True,https://www.pokemillon.com/products/pokemon-day-2026-collection
2026-08-25 11:14,Case x10,JJCOLLECTION,Pokémon TCG - Case X10 ETB Ascended Heroes (Español),"714,00 €",False,https://www.jjcollection.es/products/pokemon-tcg-case-x10-etb-ascended-heroes-espanol
2026-08-25 12:42,Coleccion Pegatinas,Flash Store,Heroes Ascendentes Tech Sticker Collection,"24,90 €",True,https://flashstore.es/producto/heroes-ascendentes-tech-sticker-collection/
2026-08-25 14:25,Case x10,JJCOLLECTION,Pokémon TCG - Case X10 ETB Ascended Heroes (Español),"715,00 €",False,https://www.jjcollection.es/products/pokemon-tcg-case-x10-etb-ascended-heroes-espanol
2026-08-25 14:45,ETB,Pokezilla,Pokémon TCG: 30 Aniversario Especial Pokémon Elite Trainer Box - PREVENTA,"99,95 €",False,https://pokezilla.com/products/pokemon-tcg-30-aniversario-especial-pokemon-preventa
2026-08-25 17:14,Coleccion Ilustracion S3,TCG Level,First Partner Illustration Collections Series 3 | Español |,"31,90 €",False,https://tcglevel.com/products/first-partner-illustration-collections-series-3-espanol
2026-08-25 18:19,Pokémon TCG: Umbreon 30 Aniversario Especial Ultra-Premium Collection-,Pokezilla,Pokémon TCG: Umbreon 30 Aniversario Especial Ultra-Premium Collection- PREVENTA,"239,95 €",False,https://pokezilla.com/products/umbreon-30-aniversario-especial-ultra-premium-collection
2026-08-25 18:41,Coleccion Ilustracion S3,TodoHits,First partner Series 3 Illustration Collection | POKÉMON | Español (Primer Compañero),"33,99 €",False,https://todohits.com/products/first-partner-series-3-illustration-collection-pokemon-espanol-primer-companero
2026-08-25 18:41,Coleccion Ilustracion S2,TodoHits,First partner Series 2 Illustration Collection | POKÉMON | Español (Primer Compañero),"34,99 €",False,https://todohits.com/products/first-partner-illustration-collection-series-2-pokemon-espanol-primer-companero
2026-08-25 18:41,Booster Bundle,TodoHits,Booster Bundle Heroes Ascendentes | POKÉMON | Español,"44,99 €",False,https://todohits.com/products/booster-bundle-heroes-ascendentes-pokemon-espanol
2026-08-25 18:41,Booster Bundle,TodoHits,Booster Bundle Ascended Heroes | POKÉMON | Inglés,"79,99 €",False,https://todohits.com/products/booster-bundle-heroes-ascendentes-pokemon-ingles
2026-08-25 18:41,Poster,TodoHits,Premium Poster Collection Ascended Heroes | POKÉMON | Inglés,"119,99 €",False,https://todohits.com/products/premium-poster-collection-ascended-heroes-pokemon-ingles
2026-08-25 18:41,Pin Collection,TodoHits,Deluxe Pin Collection Ascended Heroes | POKÉMON | Inglés,"49,99 €",False,https://todohits.com/products/deluxe-pin-collection-ascended-heroes-pokemon-ingles
2026-08-25 18:41,Coleccion Ilustracion S1,TodoHits,First partner Series 1 Illustration Collection | POKÉMON | Español (Primer Compañero),"37,99 €",False,https://todohits.com/products/reserva-first-partner-illustration-collection-series-1-pokemon-espanol
2026-08-25 18:41,Poster,TodoHits,Premium Poster Collection Heroes Ascendentes | POKÉMON | Español,"74,99 €",False,https://todohits.com/products/reserva-premium-poster-collection-heroes-ascendentes-pokemon-espanol
2026-08-25 18:41,Pin Collection,TodoHits,Deluxe Pin Collection Heroes Ascendentes | POKÉMON | Español,"37,99 €",False,https://todohits.com/products/pin-collection-deluxe-heroes-ascendentes-pokemon-espanol
2026-08-25 18:41,Mini Lata,TodoHits,Mini Lata Héroes Ascendentes | POKÉMON | Español,"16,99 €",False,https://todohits.com/products/mini-tin-heroes-ascendentes-pokemon-espanol
2026-08-25 18:41,Coleccion Pegatinas,TodoHits,Blister 2 Sobres Héroes Ascendentes | POKÉMON | Español,"16,99 €",False,https://todohits.com/products/blister-2-sobres-heroes-ascendentes-pokemon-espanol
2026-08-25 18:41,Coleccion Pegatinas,TodoHits,Tech Sticker 3 Sobres Ascended heroes | POKÉMON | Inglés,"27,99 €",False,https://todohits.com/products/tech-sticker-3-sobres-ascended-heroes-pokemon-ingles
2026-08-25 18:41,Coleccion Pegatinas,TodoHits,Blister 3 Sobres Héroes Ascendentes | POKÉMON | Español,"24,99 €",False,https://todohits.com/products/blister-3-sobres-heroes-ascendentes-pokemon-espanol
2026-08-25 18:41,ETB,TodoHits,ETB Heroes Ascendentes | Elite Trainer Box | POKÉMON | Español,"69,99 €",False,https://todohits.com/products/etb-heroes-ascendentes-elite-trainer-box-pokemon-espanol
2026-08-25 18:41,ETB,TodoHits,ETB Ascended Heroes | Elite Trainer Box | POKÉMON | Inglés,"84,99 €",False,https://todohits.com/products/etb-ascended-heroes-elite-trainer-box-pokemon-ingles
2026-08-25 18:41,Special Collection,TodoHits,30 aniversario Pokémon Day 2026 | POKÉMON | Español,"25,99 €",False,https://todohits.com/products/30-aniversario-pokemon-day-2026-pokemon-espanol
2026-08-25 18:41,Coleccion Ilustracion S2,JJCOLLECTION,Pokémon TCG - First Partners Illustration Collection - Series 2 - 30th Anniversary (Ingles & Español),"32,50 €",False,https://www.jjcollection.es/products/pokemon-tcg-first-partners-illustration-collection-series-2-30th-anniversary-ingles-espanol
2026-08-25 18:41,Coleccion Ilustracion S1,JJCOLLECTION,Pokémon TCG - First Partners Illustration Collection - Series 1 - 30th Anniversary (Ingles & Español),"32,50 €",False,https://www.jjcollection.es/products/pokemon-tcg-first-partners-illustration-collection-series-1-30th-anniversary-ingles-espanol
2026-08-25 18:41,Case x10,JJCOLLECTION,Pokémon TCG - Case X10 ETB Ascended Heroes (Español),"600,00 €",False,https://www.jjcollection.es/products/pokemon-tcg-case-x10-etb-ascended-heroes-espanol
2026-08-25 18:41,Coleccion Pegatinas,JJCOLLECTION,Pokémon TCG - Tech Sticker Collection Ascended Heroes (Español & ingles),"22,95 €",False,https://www.jjcollection.es/products/pokemon-tcg-tech-sticker-collection-ascended-heroes-espanol-ingles
2026-08-25 18:41,Coleccion Pegatinas,JJCOLLECTION,Pokémon TCG - Blister 2 Sobres Enhanced Héroes Ascendentes (Español),"14,20 €",False,https://www.jjcollection.es/products/pokemon-tcg-blister-2-sobres-enhanced-heroes-ascendentes
2026-08-25 18:41,Booster Bundle,JJCOLLECTION,Pokémon TCG - Booster bundle Ascended Heroes (Ingles & Español),"38,98 €",False,https://www.jjcollection.es/products/pokemon-tcg-booster-bundle-ascended-heroes-ingles-espanol
2026-08-25 18:41,ETB,JJCOLLECTION,Pokémon TCG - Elite Trainer Box Ascended Heroes (Ingles & Español),"65,95 €",False,https://www.jjcollection.es/products/pokemon-tcg-elite-trainer-box-ascended-heroes-ingles
2026-08-25 18:41,Album,TodoHits,Album Ascended Heroes | 9 Bolsillos 252 Cartas | Binder,"13,99 €",False,https://todohits.com/products/album-ascended-heroes-9-bolsillos-252-cartas-binder
2026-08-25 19:02,Coleccion Ilustracion S3,TodoHits,First partner Series 3 Illustration Collection | POKÉMON | Español (Primer Compañero),"41,00 €",False,https://todohits.com/products/first-partner-series-3-illustration-collection-pokemon-espanol-primer-companero
2026-08-25 19:02,Coleccion Ilustracion S2,TodoHits,First partner Series 2 Illustration Collection | POKÉMON | Español (Primer Compañero),"42,00 €",False,https://todohits.com/products/first-partner-illustration-collection-series-2-pokemon-espanol-primer-companero
2026-08-25 19:02,Booster Bundle,TodoHits,Booster Bundle Heroes Ascendentes | POKÉMON | Español,"54,00 €",False,https://todohits.com/products/booster-bundle-heroes-ascendentes-pokemon-espanol
2026-08-25 19:02,Booster Bundle,TodoHits,Booster Bundle Ascended Heroes | POKÉMON | Inglés,"96,00 €",False,https://todohits.com/products/booster-bundle-heroes-ascendentes-pokemon-ingles
2026-08-25 19:02,Poster,TodoHits,Premium Poster Collection Ascended Heroes | POKÉMON | Inglés,"143,00 €",False,https://todohits.com/products/premium-poster-collection-ascended-heroes-pokemon-ingles
2026-08-25 19:02,Pin Collection,TodoHits,Deluxe Pin Collection Ascended Heroes | POKÉMON | Inglés,"60,00 €",False,https://todohits.com/products/deluxe-pin-collection-ascended-heroes-pokemon-ingles
2026-08-25 19:02,Coleccion Ilustracion S1,TodoHits,First partner Series 1 Illustration Collection | POKÉMON | Español (Primer Compañero),"46,00 €",False,https://todohits.com/products/reserva-first-partner-illustration-collection-series-1-pokemon-espanol
2026-08-25 19:02,Poster,TodoHits,Premium Poster Collection Heroes Ascendentes | POKÉMON | Español,"90,00 €",False,https://todohits.com/products/reserva-premium-poster-collection-heroes-ascendentes-pokemon-espanol
2026-08-25 19:02,Pin Collection,TodoHits,Deluxe Pin Collection Heroes Ascendentes | POKÉMON | Español,"46,00 €",False,https://todohits.com/products/pin-collection-deluxe-heroes-ascendentes-pokemon-espanol
2026-08-25 19:02,Mini Lata,TodoHits,Mini Lata Héroes Ascendentes | POKÉMON | Español,"21,00 €",False,https://todohits.com/products/mini-tin-heroes-ascendentes-pokemon-espanol
2026-08-25 19:02,Coleccion Pegatinas,TodoHits,Blister 2 Sobres Héroes Ascendentes | POKÉMON | Español,"21,00 €",False,https://todohits.com/products/blister-2-sobres-heroes-ascendentes-pokemon-espanol
2026-08-25 19:02,Coleccion Pegatinas,TodoHits,Tech Sticker 3 Sobres Ascended heroes | POKÉMON | Inglés,"34,00 €",False,https://todohits.com/products/tech-sticker-3-sobres-ascended-heroes-pokemon-ingles
2026-08-25 19:02,Coleccion Pegatinas,TodoHits,Blister 3 Sobres Héroes Ascendentes | POKÉMON | Español,"30,00 €",False,https://todohits.com/products/blister-3-sobres-heroes-ascendentes-pokemon-espanol
2026-08-25 19:02,ETB,TodoHits,ETB Heroes Ascendentes | Elite Trainer Box | POKÉMON | Español,"84,00 €",False,https://todohits.com/products/etb-heroes-ascendentes-elite-trainer-box-pokemon-espanol
2026-08-25 19:02,ETB,TodoHits,ETB Ascended Heroes | Elite Trainer Box | POKÉMON | Inglés,"102,00 €",False,https://todohits.com/products/etb-ascended-heroes-elite-trainer-box-pokemon-ingles
2026-08-25 19:02,Special Collection,TodoHits,30 aniversario Pokémon Day 2026 | POKÉMON | Español,"31,00 €",False,https://todohits.com/products/30-aniversario-pokemon-day-2026-pokemon-espanol
2026-08-25 19:02,Coleccion Ilustracion S2,JJCOLLECTION,Pokémon TCG - First Partners Illustration Collection - Series 2 - 30th Anniversary (Ingles & Español),"39,00 €",False,https://www.jjcollection.es/products/pokemon-tcg-first-partners-illustration-collection-series-2-30th-anniversary-ingles-espanol
2026-08-25 19:02,Coleccion Ilustracion S1,JJCOLLECTION,Pokémon TCG - First Partners Illustration Collection - Series 1 - 30th Anniversary (Ingles & Español),"39,00 €",False,https://www.jjcollection.es/products/pokemon-tcg-first-partners-illustration-collection-series-1-30th-anniversary-ingles-espanol
2026-08-25 19:02,Case x10,JJCOLLECTION,Pokémon TCG - Case X10 ETB Ascended Heroes (Español),"715,00 €",False,https://www.jjcollection.es/products/pokemon-tcg-case-x10-etb-ascended-heroes-espanol
2026-08-25 19:02,Coleccion Pegatinas,JJCOLLECTION,Pokémon TCG - Tech Sticker Collection Ascended Heroes (Español & ingles),"28,00 €",False,https://www.jjcollection.es/products/pokemon-tcg-tech-sticker-collection-ascended-heroes-espanol-ingles
2026-08-25 19:02,Coleccion Pegatinas,JJCOLLECTION,Pokémon TCG - Blister 2 Sobres Enhanced Héroes Ascendentes (Español),"17,00 €",False,https://www.jjcollection.es/products/pokemon-tcg-blister-2-sobres-enhanced-heroes-ascendentes
2026-08-25 19:02,Booster Bundle,JJCOLLECTION,Pokémon TCG - Booster bundle Ascended Heroes (Ingles & Español),"47,00 €",False,https://www.jjcollection.es/products/pokemon-tcg-booster-bundle-ascended-heroes-ingles-espanol
2026-08-25 19:02,ETB,JJCOLLECTION,Pokémon TCG - Elite Trainer Box Ascended Heroes (Ingles & Español),"79,00 €",False,https://www.jjcollection.es/products/pokemon-tcg-elite-trainer-box-ascended-heroes-ingles
2026-08-25 19:02,Album,TodoHits,Album Ascended Heroes | 9 Bolsillos 252 Cartas | Binder,"17,00 €",False,https://todohits.com/products/album-ascended-heroes-9-bolsillos-252-cartas-binder
